TKBL,50;97;14;80;23;35;34;43;2;10;86;39;46;10;5;66;32;75;22;99;19;83;10;63;66;8;11;76;9;60;79;15;99;41;1;52;90;41;86;56;23;71;9;99;32;25;71;12;41;67;61;94;11;40;56;52;25;35;27;25;5;28;89;23;18;14;2;11;47;14;8;22;65;18;15;98;75;79;77;55;86;17;20;73;16;14;10;32;22;77;16;8;82;50;48;75;79;78;68;87
T2UX,9;68;85;62;39;25;10;54;21;34;35;64;97;43;91;91;24;48;36;63;86;46;94;25;6;94;22;28;87;39;85;17;69;91;49;10;23;97;14;47;57;86;91;57;65;59;60;48;94;71;1;69;57;54;56;65;70;6;19;18;55;89;46;28;96;68;63;74;41;31;69;79;53;22;78;68;69;92;45;22;14;51;37;61;1;34;24;43;75;63;54;95;33;51;92;73;10;83;19;92
JYN2,42;9;12;56;47;91;58;88;23;28;22;70;5;35;64;50;11;72;75;17;90;80;86;22;0;69;89;63;39;71;61;41;38;46;80;73;49;44;96;57;82;2;16;34;18;7;12;12;80;97;57;11;28;49;84;21;9;57;77;59;81;17;90;97;40;72;50;14;41;77;92;83;68;34;71;60;63;0;3;21;12;85;59;36;88;0;74;97;54;75;78;78;37;26;88;77;32;3;29;39
S9F0,66;84;50;60;76;37;47;61;46;89;80;50;19;19;70;93;68;73;29;49;42;60;16;73;59;37;74;45;93;53;17;51;71;81;86;1;22;23;27;82;16;22;65;22;52;0;54;62;57;39;40;25;16;9;37;82;37;29;74;39;66;35;99;47;56;76;21;48;61;52;39;76;19;57;86;95;54;93;91;30;55;91;88;30;80;79;12;38;93;36;77;15;26;4;76;36;41;51;6;63
NN5R,37;43;40;71;33;79;50;94;2;12;34;13;88;16;49;87;8;81;55;13;51;31;20;81;84;71;34;49;71;16;64;49;57;77;48;5;0;14;47;57;99;85;1;82;52;93;28;50;70;51;13;33;89;31;34;28;56;66;63;18;54;62;44;6;38;15;1;71;42;17;21;96;40;19;6;9;98;96;9;86;23;5;78;75;23;23;14;56;13;47;29;12;21;71;56;46;21;91;19;95
MOOR,99;60;37;38;83;72;93;10;98;33;63;96;17;4;44;3;4;12;71;61;92;14;17;52;90;98;59;33;65;75;36;94;92;80;83;23;90;69;98;62;99;17;60;89;12;2;45;21;80;48;24;28;78;2;40;18;94;32;60;61;67;34;28;12;7;74;56;16;95;93;68;27;3;82;34;25;66;44;13;72;67;19;75;3;11;39;66;99;19;37;48;71;81;83;12;18;39;87;58;11
IRSG,83;10;66;0;8;29;49;3;95;22;0;94;93;85;82;7;76;70;47;69;63;61;75;58;46;41;20;62;26;75;55;91;6;10;84;78;77;5;58;30;36;70;24;84;73;30;47;75;33;26;54;78;19;69;87;60;66;92;77;24;41;11;63;85;27;40;36;61;2;27;25;83;33;49;96;95;21;82;19;0;96;39;40;4;53;36;4;7;24;44;88;49;91;19;40;66;84;17;83;57
VHUC,37;50;73;60;63;81;2;54;25;50;0;72;30;25;61;0;54;9;86;5;19;43;29;86;72;81;7;11;26;44;87;36;0;43;38;79;26;61;94;62;52;29;17;62;40;12;23;74;58;18;77;10;59;91;58;29;80;23;47;93;21;85;6;47;38;74;71;65;24;84;20;97;89;14;65;21;70;67;64;71;89;79;59;80;47;52;18;96;0;68;16;14;30;69;78;3;77;46;71;32
WRU9,42;97;91;63;41;52;79;15;66;72;96;82;13;43;57;93;0;40;86;74;24;54;8;69;33;41;26;89;63;28;85;97;8;89;57;86;63;10;95;13;32;40;75;19;84;71;31;43;64;86;59;91;24;93;28;46;57;89;72;35;80;67;40;5;63;89;50;19;83;42;6;59;56;61;2;66;24;98;14;10;18;61;81;93;83;52;23;62;12;27;41;98;48;67;63;21;34;72;62;66
UJXN,25;21;98;49;21;76;79;29;24;5;52;71;4;94;91;61;70;11;57;40;70;48;61;57;40;99;13;45;73;18;3;33;24;86;68;20;24;87;17;69;74;17;51;80;45;43;4;36;70;90;60;87;7;85;94;63;8;24;17;34;92;99;8;25;82;21;94;33;60;2;42;63;53;63;73;78;95;97;58;14;56;17;80;40;66;71;21;25;83;57;83;93;62;70;15;42;8;13;53;38
SIY8,96;29;65;42;10;43;88;8;95;24;14;39;59;2;63;90;45;21;94;19;81;76;85;44;38;82;3;25;38;77;41;52;84;74;25;61;71;70;43;89;37;13;27;91;67;17;0;26;0;94;63;99;6;45;95;34;84;75;49;83;26;45;22;76;51;91;64;18;21;54;46;70;39;37;88;89;84;23;74;63;65;67;65;13;73;6;72;79;45;44;34;18;85;74;45;27;38;22;95;76
A3ZU,73;26;62;98;70;16;85;33;56;58;39;67;71;51;35;22;6;82;51;45;95;54;48;25;56;83;12;91;81;95;74;44;26;90;54;57;64;65;8;6;36;57;15;11;56;96;63;39;63;81;52;45;30;18;98;88;48;83;65;58;70;6;18;73;99;93;69;34;75;20;79;72;33;40;84;18;95;77;53;1;94;49;10;17;71;58;38;13;83;30;22;69;12;21;30;93;48;28;24;77
QOB4,16;17;78;79;68;99;47;65;70;86;24;29;91;42;47;1;92;87;3;63;20;36;26;76;99;71;83;24;91;5;21;13;48;48;70;49;31;34;58;97;76;46;64;16;48;83;59;90;30;53;11;55;46;33;11;76;40;31;99;61;40;19;15;16;38;37;11;22;29;74;39;67;5;1;42;64;69;90;78;74;49;22;74;82;1;28;5;17;70;49;52;41;14;27;35;1;26;15;74;86
TCOH,65;42;60;25;16;41;41;38;64;26;25;61;54;33;55;59;56;42;53;62;58;44;49;44;45;68;68;31;29;83;68;46;68;33;48;66;61;54;52;46;59;62;40;42;78;42;55;60;62;74;63;68;50;41;75;35;38;52;55;30;50;42;29;51;18;37;45;79;53;34;74;26;39;32;29;36;37;39;55;33;39;50;67;45;53;58;46;61;81;42;51;59;16;39;63;45;73;25;24;29
LNZN,51;78;97;3;77;25;66;22;46;59;81;23;45;2;38;92;49;21;63;60;99;19;98;89;46;80;88;60;0;32;31;18;33;5;70;55;75;60;34;45;81;75;86;22;46;14;29;55;95;8;49;11;58;5;0;80;62;90;66;73;82;81;33;99;21;4;49;93;52;33;36;9;80;32;46;73;48;45;23;40;58;92;86;46;74;23;50;13;31;71;21;95;31;91;16;61;60;39;37;58
BNTC,4;67;91;1;51;71;29;85;20;66;92;41;74;49;19;79;91;13;23;79;97;31;0;53;23;84;98;7;10;95;68;68;95;7;21;93;46;51;83;22;57;51;77;49;31;89;34;6;64;54;96;33;77;0;88;50;10;5;67;0;97;66;17;14;14;5;62;94;45;41;62;20;51;73;87;27;28;84;50;51;99;72;95;79;56;68;21;53;84;13;6;1;75;49;33;87;98;39;75;53
S9QD,1;88;1;18;55;52;99;30;52;1;13;33;17;20;94;57;30;21;54;4;64;33;84;20;30;99;57;99;5;56;8;20;68;68;73;54;17;7;20;4;34;48;83;11;4;77;57;49;90;96;78;43;67;23;68;78;13;64;24;98;14;15;97;3;53;52;59;69;11;4;16;79;76;40;8;68;12;78;35;79;66;21;91;62;8;24;37;19;51;28;20;14;22;87;37;49;97;60;38;65
MMSH,16;27;17;40;12;12;82;68;48;48;59;80;2;46;53;0;8;83;42;4;9;40;89;86;23;92;82;76;23;92;89;86;52;17;33;16;5;38;42;29;21;51;48;52;24;13;19;59;88;20;72;23;75;15;94;51;24;55;45;65;46;23;64;24;68;85;94;75;12;78;40;66;67;0;74;35;45;17;48;29;82;35;68;42;64;30;81;62;2;38;48;68;38;52;99;77;78;76;54;64
J7NQ,94;92;27;72;55;67;63;32;5;85;41;59;4;40;37;20;94;75;51;82;59;77;18;16;35;61;2;49;27;53;62;87;18;52;22;13;7;37;2;51;60;44;72;59;81;79;63;74;83;2;30;80;81;52;56;76;4;80;47;36;43;81;51;54;1;6;88;85;51;87;52;35;23;32;51;67;24;76;81;2;45;71;59;11;4;60;30;13;75;15;53;58;13;35;63;21;95;36;0;28
VVMK,74;50;30;23;66;42;76;36;67;7;53;35;39;79;66;41;46;62;18;29;29;97;58;72;90;77;48;45;26;7;62;50;20;55;32;11;62;17;51;65;82;20;41;83;58;94;98;4;81;93;44;10;86;57;99;84;27;66;29;33;23;65;74;54;61;96;48;21;49;7;0;29;50;31;56;15;74;33;50;15;33;26;11;4;4;22;94;28;39;79;20;27;67;54;35;7;82;94;43;75
GTM4,48;40;48;68;18;17;38;11;28;1;55;66;45;31;54;76;34;12;26;48;38;41;34;55;34;73;59;38;44;38;63;76;13;47;37;31;22;21;56;55;69;26;16;38;47;65;49;52;12;82;38;42;39;48;46;37;57;9;49;29;17;13;62;29;34;40;63;37;61;56;36;30;5;37;28;35;59;26;69;1;34;34;73;31;33;49;28;40;52;32;10;37;56;58;34;37;37;44;43;38
XEKT,27;59;9;32;50;91;24;82;29;30;21;42;65;87;15;13;92;15;95;42;90;32;20;16;38;65;59;13;15;87;27;86;82;68;22;37;67;48;98;3;95;94;42;2;15;51;85;74;76;98;1;92;44;74;6;23;74;93;46;21;95;5;92;3;71;67;53;81;0;81;47;1;33;36;83;70;19;98;47;84;5;33;15;71;85;54;88;34;84;42;26;15;99;43;32;89;49;14;84;9
SWYK,14;90;37;4;4;16;21;47;13;13;40;11;70;68;7;99;81;62;12;93;34;86;21;61;65;9;5;48;75;44;5;92;81;48;34;93;20;51;60;17;19;16;45;0;68;95;84;57;77;29;95;10;12;24;76;80;21;8;35;79;64;25;15;14;47;92;72;98;41;93;56;17;51;79;6;14;91;84;58;76;63;91;96;88;77;65;73;71;5;24;81;13;56;94;63;69;66;70;41;35
QB1Z,52;21;16;61;41;94;53;31;33;59;60;55;18;82;15;25;39;61;5;6;82;87;32;46;2;83;81;10;97;90;16;0;15;27;82;86;87;89;67;44;62;25;41;31;17;27;0;0;45;76;84;96;71;50;37;42;11;72;58;54;56;20;92;65;97;15;79;3;56;21;63;33;12;58;37;41;54;89;4;15;56;59;16;78;25;48;50;35;14;27;9;70;67;55;18;80;98;34;14;94
XWVI,95;29;16;58;34;91;18;35;69;66;3;95;45;96;4;59;4;57;47;30;32;0;46;56;70;5;20;10;13;93;25;77;41;93;13;57;32;76;14;89;51;9;77;53;88;54;12;68;61;40;43;83;65;95;13;38;63;81;63;22;23;82;35;45;45;31;95;15;29;86;36;57;53;90;2;44;74;24;50;4;57;42;67;55;75;23;76;49;69;36;59;77;58;42;50;70;91;66;22;41
T0IN,27;44;39;83;35;30;9;54;8;19;86;67;65;21;35;57;64;69;13;10;85;22;14;9;53;99;68;42;95;79;91;59;92;7;88;4;43;83;55;59;84;57;7;27;64;59;67;60;27;20;85;40;50;47;54;76;36;23;33;5;77;15;40;30;74;62;33;28;16;99;71;69;2;40;37;2;35;21;68;84;77;9;8;38;84;80;69;90;11;75;49;45;37;96;22;21;56;22;50;50
JQF1,45;31;76;56;1;47;75;32;9;49;58;4;73;28;92;83;27;99;47;73;50;5;66;41;6;39;43;10;19;73;70;9;21;78;97;55;25;23;68;99;89;59;60;59;1;24;31;12;89;56;7;80;5;31;13;32;41;70;94;11;35;18;12;74;18;59;22;82;75;31;90;12;27;83;45;31;93;37;34;41;8;77;91;64;72;22;23;20;13;92;61;63;40;21;40;44;10;97;57;89
FH4I,13;25;66;59;68;95;86;41;35;35;15;19;97;64;67;82;95;20;22;32;14;74;54;70;91;2;84;40;38;10;51;6;64;72;45;22;98;55;84;88;95;46;1;55;67;95;14;63;59;45;55;37;93;19;27;8;97;86;40;11;50;81;22;56;10;11;36;56;8;74;82;94;84;71;74;55;26;67;59;75;53;97;28;70;91;17;50;5;5;65;25;57;81;51;88;99;8;28;21;17
DTHN,19;11;14;40;45;53;28;57;57;34;45;97;2;40;7;48;33;10;64;98;65;45;14;64;46;23;12;76;53;83;1;43;26;30;95;79;82;1;33;30;45;77;62;10;99;40;72;38;79;73;24;9;96;64;13;82;20;88;33;73;28;77;77;2;19;94;36;16;65;36;63;95;50;29;68;95;62;65;32;6;84;15;71;5;47;24;26;60;63;76;45;71;60;65;73;68;61;78;26;64
ZQ8L,89;59;68;97;93;79;78;81;71;53;22;58;15;72;94;96;5;43;16;73;51;5;6;12;99;85;82;94;57;27;7;77;89;90;44;6;97;89;71;26;56;92;43;33;7;17;43;20;7;47;66;46;74;3;27;73;43;70;49;75;67;63;93;12;21;15;73;59;38;95;25;73;79;45;73;10;49;52;41;67;67;66;6;8;3;67;42;68;94;56;39;67;70;38;77;61;81;58;9;4
O67S,35;14;46;60;6;89;70;75;56;35;28;83;82;16;15;18;33;8;28;3;8;39;91;68;30;47;52;49;48;24;77;45;92;81;33;16;57;45;50;26;31;26;0;52;68;51;38;41;32;14;50;28;50;38;68;97;31;41;21;18;4;84;58;36;94;36;60;27;34;55;42;10;32;40;94;65;75;30;38;89;98;23;43;14;39;18;5;93;41;74;1;71;89;38;38;79;77;99;72;56
QH9W,91;9;55;22;58;43;88;73;94;54;72;58;58;4;1;4;63;25;8;81;11;97;83;5;25;20;61;14;57;43;74;88;73;8;38;57;32;30;39;30;72;42;98;30;31;98;28;5;42;0;94;36;21;82;63;80;48;18;14;19;64;97;82;24;95;51;55;12;72;22;12;39;10;14;0;94;88;93;63;5;75;55;88;41;85;30;7;3;65;17;76;65;9;19;1;23;91;83;35;4
ZQ5O,86;64;11;35;7;95;1;59;84;65;65;9;94;59;92;18;15;59;36;46;84;6;68;0;46;96;37;23;11;99;72;19;86;97;91;27;67;62;87;64;20;95;20;12;12;30;4;54;93;86;62;95;35;18;14;39;81;6;31;97;32;49;49;67;32;67;5;10;65;40;83;14;83;50;42;90;53;4;16;64;32;91;16;9;62;58;21;32;66;38;93;4;4;17;32;71;64;37;72;10
T7RO,22;78;86;55;87;17;79;95;73;33;36;61;51;40;1;59;63;0;55;12;71;35;80;25;57;94;52;5;63;53;84;16;77;42;86;28;24;98;59;13;32;8;45;98;54;11;30;61;81;77;22;0;46;99;89;95;52;73;48;0;22;78;54;41;20;71;8;88;0;25;99;59;81;62;46;12;46;19;26;46;69;60;85;58;60;0;48;28;14;79;46;37;76;38;51;78;90;70;58;60
JIIT,20;44;38;34;45;57;66;76;60;66;36;45;54;62;66;29;56;34;31;27;54;51;48;67;37;58;42;41;81;36;67;53;52;53;31;60;46;53;52;69;38;55;57;43;44;43;38;36;16;57;61;39;58;38;32;47;41;33;68;69;43;57;70;52;54;80;40;65;30;56;69;39;49;63;24;20;67;38;51;79;51;65;35;40;21;35;73;66;61;60;60;30;53;68;54;34;30;59;35;44
VHYZ,75;62;25;29;2;84;61;30;87;33;0;23;37;5;84;51;11;13;16;30;19;32;3;46;13;50;36;25;38;27;63;56;98;5;58;88;40;94;69;21;1;45;80;12;12;36;26;88;33;32;55;69;1;9;92;89;18;9;27;92;21;68;75;44;96;73;21;75;15;12;28;25;54;67;72;77;57;68;53;15;16;26;84;8;89;88;22;11;30;12;1;93;83;23;53;80;26;42;31;52
TEMW,46;42;30;47;12;33;50;53;57;75;66;18;35;36;44;55;42;24;37;33;40;41;66;37;42;64;63;36;37;70;54;29;61;17;18;40;46;21;25;72;45;73;73;70;57;54;47;29;36;55;58;35;36;34;35;28;48;36;1;1;31;33;48;66;39;59;39;36;45;36;23;63;33;43;52;12;53;23;19;30;56;32;73;43;11;24;57;52;50;41;9;32;54;27;11;56;32;50;83;93
AJKH,71;48;79;4;29;31;64;68;66;15;51;85;20;52;11;12;87;13;2;54;41;9;16;9;47;43;40;42;14;22;61;94;1;30;75;73;55;36;81;52;99;40;64;31;5;37;54;0;33;10;47;39;26;53;45;15;72;77;90;30;83;17;76;49;64;11;83;59;58;35;35;0;14;69;48;74;3;26;81;56;13;8;18;80;83;60;39;27;24;70;31;94;27;68;22;64;54;40;53;7
TGQ3,76;46;79;67;57;81;37;85;79;89;27;96;82;49;73;78;64;41;57;51;50;3;66;99;58;6;38;76;11;78;34;68;57;64;44;91;61;4;30;33;25;97;38;71;49;22;67;61;13;20;77;35;83;71;13;81;9;45;40;77;32;69;35;7;60;45;17;53;88;89;84;69;58;25;58;93;76;37;75;73;18;3;92;31;84;45;4;44;97;74;27;79;58;48;7;9;89;13;43;52
QNUD,61;56;6;93;1;89;62;5;6;94;35;29;81;52;61;67;11;17;50;51;83;78;76;78;88;11;68;28;64;93;84;37;21;74;2;12;81;49;59;36;5;84;26;97;98;56;64;99;23;76;73;11;67;59;67;47;0;76;4;39;22;43;34;33;78;10;30;37;71;46;77;4;30;17;67;95;90;42;70;89;10;72;92;93;60;78;81;1;64;67;95;57;58;86;65;36;53;62;75;38
ZAIT,43;40;45;47;76;66;17;6;75;0;32;18;44;18;29;72;46;87;86;1;57;22;45;50;20;96;52;69;38;34;25;4;85;68;92;96;93;15;18;73;95;72;56;13;97;47;86;74;35;7;50;6;24;91;30;54;91;90;53;67;69;28;58;65;96;66;30;37;75;81;52;23;13;18;35;74;28;61;25;36;13;8;76;69;98;7;41;7;85;74;96;20;45;95;87;85;91;46;48;51
NVMY,68;2;79;38;76;35;23;35;12;45;8;56;35;86;79;28;47;57;19;25;25;36;25;33;91;12;22;77;57;76;54;97;29;21;98;90;20;46;91;56;3;22;27;63;88;75;65;6;90;66;12;11;92;81;90;18;48;23;35;65;41;2;57;77;27;39;74;55;63;9;49;22;4;32;27;40;76;86;82;12;25;33;68;12;31;81;73;69;74;43;31;97;82;28;12;59;31;91;47;81
FT6L,56;34;94;11;51;99;77;78;25;69;1;71;46;78;50;14;87;17;49;68;0;6;95;46;64;96;64;80;84;53;32;89;7;34;54;42;60;78;2;5;86;10;37;24;44;71;4;66;4;44;94;50;83;2;50;74;80;25;57;35;30;69;61;80;92;20;28;97;74;12;89;7;78;13;87;41;70;36;81;5;42;49;81;30;47;7;49;26;45;63;14;80;14;57;19;85;75;83;11;7
ZAXW,2;56;50;5;16;25;66;42;2;93;75;25;98;39;95;71;91;92;84;43;14;17;26;65;95;5;96;70;70;10;77;65;96;17;5;37;52;95;10;59;46;87;1;3;79;1;61;30;88;40;49;89;41;29;47;71;87;34;13;62;74;66;13;72;65;70;34;52;99;84;45;38;26;51;70;89;84;36;35;4;50;4;87;38;30;16;13;67;69;82;60;7;9;41;87;94;25;28;50;62
HCHX,19;44;45;88;38;82;63;59;61;22;97;96;43;39;64;11;66;27;24;78;40;52;81;25;2;47;31;45;53;0;39;41;34;48;67;25;57;1;52;24;29;92;70;77;88;13;46;22;83;64;29;26;46;7;19;38;76;57;36;23;96;33;66;38;77;12;9;96;57;21;28;17;46;27;44;25;99;94;4;39;1;10;27;58;65;66;3;1;41;49;39;34;68;43;68;58;15;62;33;57
F2YI,25;70;17;55;88;99;43;43;13;17;73;42;59;74;19;20;85;1;13;96;15;0;47;72;10;12;29;96;18;78;28;61;32;71;35;78;10;24;83;51;39;96;53;47;87;34;54;56;52;35;13;69;13;85;90;92;92;47;99;22;39;38;35;60;68;20;89;23;85;7;90;33;94;25;23;95;2;7;62;87;22;48;99;87;6;80;32;11;50;90;5;93;41;36;59;39;32;53;11;35
RUXG,0;359;245;0;416;0;305;0;0;229;359;0;362;389;0;0;220;370;0;0;0;270;0;493;0;0;0;0;345;0;0;287;0;363;0;134;0;0;336;118;343;291;0;345;0;0;0;379;0;304;355;394;235;0;283;0;255;0;275;369;0;0;362;282;0;0;277;399;0;0;0;166;242;328;391;138;197;365;0;0;0;0;0;142;215;258;0;34;292;0;0;0;326;0;527;319;316;0;0;0
PW9U,40;19;94;85;25;29;3;68;36;88;67;66;84;93;83;49;18;85;56;68;27;9;56;96;70;19;44;36;23;83;23;9;80;92;98;48;3;22;88;78;46;16;38;39;15;6;95;10;22;55;34;16;25;81;21;76;16;6;94;12;43;82;60;11;94;63;91;23;6;78;38;93;62;87;51;96;93;25;59;86;27;91;55;91;95;99;57;96;76;58;96;35;24;37;19;59;22;47;30;74
JEQE,17;79;39;54;14;83;8;9;80;39;21;67;90;28;77;27;7;44;71;72;91;8;85;53;81;36;74;80;32;43;48;60;25;81;32;73;12;20;12;18;59;11;27;27;7;99;2;9;10;7;75;8;40;54;50;59;66;0;71;23;97;21;70;38;60;72;63;71;80;87;26;4;97;69;12;30;73;28;37;5;18;37;38;80;41;43;79;77;2;3;49;7;12;8;53;32;1;10;8;42
DDCL,99;27;4;4;6;99;44;35;12;32;64;69;15;22;85;66;88;32;83;92;99;45;79;46;67;85;47;77;19;51;47;3;68;84;53;54;89;26;60;95;93;11;9;37;91;20;22;70;63;30;48;1;90;56;51;76;72;27;1;9;15;88;12;84;19;52;47;81;5;46;11;18;5;29;85;79;56;4;92;98;40;49;9;48;94;54;55;92;62;55;84;29;45;36;3;12;81;26;28;53
ZNSR,95;94;24;24;34;74;72;78;17;70;43;49;92;18;32;90;87;91;61;17;74;50;30;51;95;38;21;15;40;48;47;49;71;82;77;95;47;61;72;31;52;28;51;33;93;38;51;22;60;56;57;27;39;69;67;5;27;98;21;65;29;18;51;96;72;91;73;80;47;0;36;19;20;36;31;90;68;19;33;73;57;87;34;38;57;37;94;3;4;67;35;86;74;43;30;64;80;30;39;25
QHF0,73;81;84;18;38;46;33;14;65;78;8;69;90;29;92;24;16;86;53;40;74;3;86;97;96;65;46;92;75;85;62;23;9;36;2;43;22;56;76;85;22;61;93;61;93;84;67;77;15;98;19;19;6;68;4;72;73;35;47;24;17;19;59;14;79;38;22;20;29;26;77;83;36;23;48;27;88;89;73;38;22;50;66;12;42;77;91;51;40;2;54;0;1;16;3;26;88;6;4;34
C4QG,29;84;33;52;9;8;39;76;77;0;26;31;21;53;99;62;3;40;5;33;30;13;55;39;85;60;71;26;17;76;96;1;57;91;81;34;56;22;57;55;54;29;28;76;56;31;12;8;67;44;90;82;52;80;39;79;61;2;2;33;68;57;0;86;96;19;99;95;57;47;61;44;94;25;13;19;23;21;52;29;62;36;21;76;46;37;92;11;25;52;25;51;56;42;9;92;21;64;14;60
YRBC,0;424;431;0;210;0;361;0;0;294;368;0;361;401;0;0;134;300;0;0;0;291;0;274;0;0;0;0;359;0;0;162;0;163;0;306;0;0;320;230;314;308;0;392;0;0;0;293;0;365;183;485;179;0;404;0;389;0;368;328;0;0;260;268;0;0;295;257;0;0;0;350;239;400;359;334;200;142;0;0;0;0;0;251;272;239;0;70;347;0;0;0;247;0;200;165;383;0;0;0
G61O,99;59;3;15;43;40;84;97;91;3;8;75;53;80;57;71;4;76;61;98;95;76;14;48;90;42;86;61;73;12;83;54;57;44;72;10;86;4;80;43;87;30;1;18;66;52;30;4;47;79;2;27;80;69;7;30;35;73;98;25;28;43;50;16;39;77;21;42;18;34;84;26;95;74;94;59;80;71;79;90;17;15;16;88;27;22;79;94;76;55;17;37;66;46;99;86;69;66;5;61
DHVL,49;20;81;64;24;1;35;58;45;76;70;82;78;0;54;41;90;31;58;44;90;35;82;39;40;47;73;24;74;94;83;88;89;68;48;37;2;20;27;4;78;57;98;38;22;8;71;30;18;99;0;38;8;38;97;31;6;32;34;86;56;84;35;9;59;14;59;48;33;95;30;22;6;30;20;16;30;70;31;44;2;57;73;38;82;36;99;68;76;62;14;48;70;55;48;25;18;83;27;31
QL7P,64;94;38;6;0;67;44;6;59;42;39;90;86;96;52;28;67;68;33;95;34;63;23;30;29;2;82;88;15;63;17;40;23;73;88;35;6;86;2;44;22;4;21;56;87;82;66;65;9;58;87;25;92;8;83;11;52;28;8;90;32;57;92;97;57;46;58;48;77;55;13;66;83;45;47;16;47;57;24;81;65;43;18;50;74;0;81;30;59;44;8;15;66;74;18;9;33;69;84;9
SGNY,61;21;35;10;91;76;48;89;92;53;39;3;21;88;61;99;67;65;20;57;78;35;20;3;84;15;26;9;75;88;22;57;14;67;43;46;55;70;12;56;82;80;79;61;27;60;25;42;98;30;9;20;48;14;17;54;57;14;95;65;97;89;46;95;48;67;45;17;69;84;73;56;72;21;46;19;53;29;89;88;21;45;13;72;47;28;7;9;76;10;9;3;35;28;26;82;89;8;8;24
SQYH,78;39;93;57;32;88;59;11;45;74;71;26;78;7;95;54;60;58;98;34;31;27;4;32;3;96;30;11;1;13;24;46;37;2;96;5;18;72;83;95;3;96;19;47;29;84;55;35;82;87;20;14;44;52;64;21;48;25;65;43;23;58;93;99;71;94;97;31;43;15;29;71;88;71;30;83;43;58;71;25;84;94;9;7;30;65;85;33;10;14;61;12;39;69;88;43;27;49;0;27
SIGW,20;34;25;78;79;84;97;2;42;88;34;56;14;35;61;83;7;46;6;83;59;37;92;79;47;7;16;20;89;10;39;58;0;18;63;75;15;38;14;38;73;22;42;14;45;25;77;96;63;59;57;3;55;88;85;35;78;17;86;96;97;23;64;82;13;10;73;90;33;99;64;28;77;10;88;69;63;15;52;3;26;44;95;75;55;92;25;47;30;23;28;6;57;19;41;69;46;71;55;24
LDDB,21;38;71;43;32;50;10;22;63;95;57;64;83;99;91;46;11;39;69;14;0;12;14;38;55;27;82;67;42;75;42;2;3;91;97;94;0;61;55;46;87;99;57;71;55;32;89;1;67;71;76;51;75;9;27;8;82;69;28;38;9;73;53;91;51;11;15;59;86;54;40;89;62;43;43;72;10;40;90;53;79;33;90;48;25;62;99;65;93;8;59;26;33;68;40;10;28;10;2;1
KRUN,71;73;55;55;9;23;66;92;19;96;42;55;67;82;11;76;41;70;41;5;32;46;96;39;59;2;9;77;28;48;40;56;43;26;18;64;58;72;44;13;58;27;51;32;18;98;96;73;7;15;44;86;59;42;80;23;16;19;46;94;50;97;55;53;61;44;74;66;4;20;19;99;82;64;61;89;63;6;55;71;73;51;5;12;66;7;47;1;41;51;18;44;40;29;79;46;20;39;82;4
VS60,87;73;25;94;51;0;24;79;92;57;47;12;22;3;46;88;70;13;52;44;69;16;60;50;36;70;8;92;21;34;93;82;15;56;84;56;25;80;49;19;26;27;74;20;69;26;59;87;80;64;32;30;73;15;25;43;85;87;97;6;34;95;6;48;8;81;10;46;57;64;31;10;21;61;25;1;78;79;33;65;52;56;46;10;9;86;44;64;48;2;68;11;76;76;59;56;9;52;36;32
KB6G,14;44;62;56;39;42;53;77;68;30;18;31;46;31;93;80;53;23;87;93;77;0;4;82;73;70;45;12;42;28;3;27;97;33;76;23;4;47;47;15;75;36;24;9;77;19;38;93;35;18;80;21;20;90;75;26;28;96;65;25;61;72;37;41;79;7;12;60;88;75;12;21;5;30;56;22;85;67;45;72;13;87;68;69;25;12;34;12;72;24;50;31;89;89;80;1;7;44;45;32
OKZX,21;12;99;46;36;64;37;88;29;88;65;67;0;53;70;42;59;92;90;5;64;4;46;9;12;33;78;89;35;95;60;68;25;48;70;76;12;51;65;93;69;11;22;19;77;94;24;4;76;48;17;30;89;69;89;9;64;54;89;90;54;98;9;29;72;28;23;5;54;9;5;6;40;51;22;42;50;7;54;65;53;69;93;3;94;55;69;52;79;14;60;77;42;62;95;94;17;31;94;20
RJJ7,64;72;30;51;64;48;59;66;50;30;38;42;69;78;27;49;50;70;49;37;74;36;46;23;36;59;48;75;48;45;38;38;48;33;46;52;43;73;25;56;45;59;68;13;45;38;59;56;46;24;68;39;52;24;75;64;49;29;34;36;55;74;35;52;50;40;33;53;28;54;56;49;27;42;66;65;44;44;59;31;18;61;50;58;64;51;48;23;31;46;59;58;45;56;55;64;60;43;40;55
BJ4X,30;22;94;53;20;80;94;42;47;79;88;18;58;73;77;54;55;74;7;8;24;28;77;22;24;3;54;20;75;72;16;11;74;52;65;96;44;51;99;87;6;66;86;34;46;82;62;21;8;83;17;12;10;85;74;7;28;55;80;86;80;74;86;74;53;36;15;21;41;50;19;14;73;28;96;56;51;77;7;13;10;35;88;62;77;69;77;78;75;24;91;84;37;47;91;11;59;23;67;90
JU8G,77;31;85;41;39;22;0;91;56;34;37;80;6;46;76;48;6;92;11;44;3;90;55;52;60;52;7;70;18;67;27;0;43;24;1;14;27;83;96;67;53;54;85;54;56;26;35;28;29;62;8;57;56;55;86;89;13;52;44;82;24;94;21;60;19;16;59;92;33;90;5;94;89;43;48;1;20;93;32;41;34;4;63;10;24;32;19;79;52;14;33;66;32;49;39;7;16;2;49;12
UFH4,5;77;40;27;78;47;86;4;49;62;25;16;52;33;84;43;77;33;41;82;50;25;67;59;79;69;53;37;82;13;58;35;46;26;26;53;5;12;75;62;40;34;42;69;70;0;92;70;88;70;44;2;84;99;67;32;37;9;35;78;48;43;82;28;93;57;55;79;60;15;39;63;39;27;85;47;20;28;25;74;77;88;31;12;80;59;92;30;26;74;46;71;64;96;64;72;52;71;77;46
JY1T,70;3;75;98;61;58;66;81;1;26;20;83;94;28;64;65;46;29;90;29;64;52;46;5;10;2;94;24;40;67;68;64;73;87;93;6;58;94;23;59;94;50;5;59;12;11;68;8;25;14;99;57;5;71;17;17;73;72;48;79;87;68;98;95;93;85;35;23;85;67;45;93;14;21;32;82;37;73;50;24;87;51;67;59;62;82;75;58;28;13;85;18;79;62;96;81;51;30;42;9
AP8T,16;42;74;65;78;57;58;71;55;92;34;60;51;51;53;48;76;28;78;71;70;71;70;28;77;30;8;13;97;88;57;13;67;27;61;49;68;26;56;72;39;72;16;21;4;28;84;43;60;43;78;5;5;89;39;8;50;91;75;14;56;69;60;77;28;92;51;61;34;38;45;22;83;19;77;99;59;73;12;28;21;84;7;44;38;13;57;23;90;4;96;93;31;16;85;25;78;30;32;36
CEAE,12;81;56;41;97;29;19;48;81;45;75;16;73;84;3;84;42;84;61;7;84;67;9;87;74;13;1;42;39;74;29;2;84;11;66;24;66;57;11;26;87;15;55;75;84;98;98;96;76;6;20;28;15;19;32;20;8;97;82;41;82;66;59;19;15;99;43;92;49;46;93;87;25;27;67;79;11;17;56;59;36;73;83;4;16;54;87;1;0;27;37;83;63;42;39;95;29;5;50;57
WAPJ,11;22;60;16;7;66;23;67;45;54;11;89;70;32;35;65;29;13;3;34;23;71;44;32;2;79;65;41;35;11;91;7;1;83;17;36;42;90;92;83;76;52;78;31;36;0;46;94;39;41;81;84;35;81;97;6;7;21;26;22;43;27;53;81;37;38;93;84;32;70;13;8;11;68;1;9;92;93;5;66;79;7;48;99;45;20;27;55;90;40;13;66;27;9;38;7;14;14;0;8
CZEW,80;58;79;32;32;97;28;59;49;23;9;62;65;21;19;73;75;73;72;71;65;55;36;31;9;44;73;63;82;54;1;14;88;25;13;73;81;84;60;53;0;53;18;73;26;4;87;16;62;34;72;59;35;31;12;21;63;1;52;79;20;44;81;95;84;16;4;96;49;18;20;57;4;96;76;40;65;11;0;29;1;14;34;64;4;4;34;63;26;70;35;57;18;17;25;73;65;44;99;47
C2ZJ,37;51;26;62;60;43;49;64;17;87;65;28;50;57;50;42;26;68;23;71;56;55;47;35;42;43;37;58;93;1;40;44;52;62;59;36;35;50;60;77;25;27;62;57;30;61;62;63;31;40;41;27;49;64;31;82;59;58;77;66;72;36;59;72;61;51;53;8;10;48;5;56;42;61;40;55;52;71;60;95;55;57;27;49;51;43;64;55;40;38;44;29;61;73;33;56;26;72;70;91
HPOF,88;30;79;15;14;7;95;89;4;82;7;72;53;40;23;58;85;59;13;49;5;38;63;72;87;15;39;26;54;6;67;29;72;36;38;54;42;85;41;41;86;0;37;53;29;14;90;40;35;23;74;42;86;45;16;39;2;29;94;86;20;92;26;19;60;71;92;45;94;83;99;15;41;84;39;86;9;57;98;57;90;42;71;84;42;58;58;21;41;52;23;0;53;20;71;51;36;90;33;23
DXNT,25;68;69;2;27;89;75;82;46;91;84;68;58;50;55;23;34;96;69;25;62;15;27;17;40;32;13;70;37;82;5;61;18;81;58;18;30;49;46;80;4;42;59;88;62;2;97;11;37;44;34;85;60;20;64;91;41;36;5;68;31;30;37;4;53;67;72;18;20;41;35;16;4;16;96;69;97;35;58;47;57;78;2;82;59;16;45;70;54;92;12;53;44;37;27;57;98;99;11;81
YMIV,99;56;63;71;68;56;37;4;14;22;66;55;66;46;2;59;62;59;68;63;49;46;42;25;51;47;43;79;20;36;27;47;43;59;72;43;67;53;56;23;32;33;28;68;78;57;64;72;101;27;41;86;16;58;57;69;73;48;44;1;73;25;51;18;20;35;68;48;68;43;16;52;26;58;75;85;24;49;46;35;38;40;35;52;99;96;12;20;37;29;62;80;31;28;51;80;89;38;66;36
XOQK,30;36;59;60;40;59;25;56;57;56;57;36;53;72;23;64;52;61;57;76;65;46;42;55;86;62;57;42;37;51;52;55;69;37;68;54;42;56;51;26;70;72;65;70;32;47;41;21;28;65;39;69;73;50;55;58;67;40;57;78;60;25;33;50;52;40;64;44;60;54;37;53;41;61;52;78;57;43;34;52;73;35;51;39;63;67;52;10;63;33;73;36;53;33;22;49;74;36;61;30
BWLO,40;11;9;5;0;33;89;27;20;30;60;45;80;33;78;99;46;12;32;78;72;78;31;62;20;13;33;59;91;4;69;23;11;93;55;15;19;62;66;20;25;41;69;8;36;50;77;2;12;9;49;15;2;14;65;39;97;26;73;44;95;87;78;2;22;35;59;76;66;10;77;87;12;54;73;84;77;60;56;73;80;66;57;25;83;31;8;68;57;48;43;84;66;77;92;65;12;63;45;0
MG12,36;50;44;25;40;33;42;30;63;30;43;71;68;55;38;62;30;52;20;51;30;57;45;29;45;49;32;33;51;29;43;37;48;39;39;35;20;36;42;55;35;38;35;36;61;70;57;40;23;45;42;66;65;29;35;78;56;83;37;44;37;36;52;48;36;26;37;37;48;55;53;39;50;38;35;48;52;31;28;25;36;40;47;43;38;28;40;21;44;67;44;28;64;44;39;20;51;38;52;30
TKYQ,42;43;47;58;54;36;44;50;30;56;76;42;37;29;18;31;72;44;72;34;47;45;34;34;31;60;41;35;62;15;30;52;66;46;57;50;31;31;34;25;19;54;51;34;36;39;46;34;39;52;45;41;54;48;32;26;34;37;49;29;56;60;26;54;44;36;42;33;39;38;40;45;36;70;54;34;30;23;32;30;19;56;66;47;31;54;43;49;32;42;16;29;47;43;26;56;6;35;48;36
PKH1,48;5;50;32;93;39;20;65;11;73;57;42;16;99;59;42;53;64;80;94;35;35;42;58;87;37;90;37;74;56;35;61;76;91;28;83;47;47;51;54;60;67;37;98;37;39;83;13;62;80;3;30;22;32;15;30;67;32;75;8;46;72;11;44;44;46;72;65;28;59;16;81;50;39;89;6;80;44;67;30;1;74;94;87;63;59;90;65;92;90;7;89;8;14;61;96;51;81;56;98
P8KF,11;42;80;88;35;14;82;58;4;49;40;31;84;84;90;98;26;54;14;23;71;29;65;54;16;23;96;8;48;79;25;34;59;27;88;65;73;63;53;47;60;53;20;33;64;7;92;76;21;94;90;41;45;83;93;45;64;37;40;30;89;38;52;70;2;7;84;86;43;39;12;70;94;88;53;32;19;79;74;14;15;22;4;81;77;55;92;80;52;15;14;11;78;60;47;87;99;69;52;3
P2GW,60;28;21;49;38;15;74;94;82;34;1;47;5;42;90;70;43;28;93;51;18;25;25;11;2;99;13;61;59;65;5;36;83;82;10;71;23;3;90;38;1;23;0;60;36;49;62;71;60;42;46;40;90;92;42;19;76;2;92;92;50;13;94;63;76;33;15;36;48;46;41;91;80;6;42;14;17;68;26;53;79;98;51;50;33;16;60;31;49;2;36;29;57;44;75;63;89;65;22;0
I69K,98;65;0;46;45;75;28;2;57;88;70;24;9;5;86;65;76;37;64;20;39;35;70;49;96;33;59;85;86;90;41;80;96;65;16;11;50;22;87;9;84;99;36;65;46;44;88;75;77;3;9;52;87;31;7;96;70;96;2;24;15;5;62;92;81;18;34;39;46;73;63;29;18;87;77;39;7;23;56;83;18;72;29;38;67;49;59;27;53;7;66;49;61;62;19;90;72;40;37;24
HQT0,9;61;68;83;18;53;77;53;79;51;7;53;42;1;67;4;22;50;84;85;80;17;82;29;84;73;46;85;54;91;3;84;36;80;19;1;86;94;61;65;2;42;27;77;69;23;66;57;82;38;5;37;41;54;83;9;45;27;93;97;27;92;7;74;88;54;52;88;93;20;29;29;45;89;31;71;21;73;97;66;85;80;76;29;16;79;90;27;0;0;58;50;24;43;23;24;87;32;49;14
H56N,24;15;62;2;81;89;62;59;12;16;18;38;49;79;18;95;89;47;55;88;79;99;14;61;71;82;39;99;38;58;93;4;33;67;7;1;68;34;19;20;92;60;51;37;85;75;17;21;82;45;96;15;66;8;45;91;27;74;40;13;87;81;11;14;3;94;6;17;57;24;73;97;54;65;46;55;8;17;28;8;74;43;52;77;58;61;72;72;52;67;22;35;53;40;54;11;75;5;37;86
VG5W,90;82;16;31;93;56;15;34;34;71;67;89;12;88;84;95;3;55;69;92;99;10;82;92;0;90;55;63;59;62;4;79;1;16;17;3;16;42;50;78;74;30;84;2;99;43;54;43;59;16;62;71;32;10;44;15;86;39;37;20;20;9;18;97;99;66;88;82;47;74;12;34;58;38;27;89;66;33;72;20;71;19;67;63;94;95;35;70;17;14;71;75;74;67;45;75;64;32;28;88
ASGM,82;44;14;8;60;2;78;66;12;71;84;12;4;50;24;89;35;94;45;65;61;72;60;6;12;48;24;22;97;77;49;34;92;57;43;68;33;34;88;50;75;18;27;46;35;42;68;77;26;97;81;68;40;70;87;31;69;8;89;30;94;75;42;17;57;39;95;20;51;11;52;52;14;52;60;46;71;73;52;37;10;85;45;90;25;7;38;65;36;1;88;90;26;76;85;48;1;68;64;89
EVNV,62;31;83;74;55;71;65;86;27;97;50;22;2;20;20;80;46;65;66;39;31;41;84;41;94;20;3;39;5;2;6;24;55;86;33;36;90;73;11;91;93;88;3;44;8;90;33;68;6;29;91;78;9;56;55;8;15;47;27;83;34;35;92;41;55;89;49;57;52;77;68;81;77;56;35;52;49;23;93;78;19;59;84;13;72;19;11;81;65;97;96;40;65;62;31;97;21;27;67;84
E0CO,85;84;83;41;38;24;38;89;19;40;44;76;46;29;92;72;1;72;68;69;71;51;15;21;32;87;52;88;62;0;21;95;52;90;66;51;20;82;10;91;61;69;9;99;29;5;5;23;11;92;18;88;97;15;44;45;93;27;59;90;69;0;83;74;43;4;44;80;78;79;77;46;87;18;44;21;32;72;81;8;50;21;12;75;4;70;26;71;28;42;96;73;61;29;14;77;11;26;3;7
HXKQ,94;62;48;60;13;38;36;67;48;28;70;44;76;92;43;5;25;98;76;8;56;15;94;1;73;51;40;31;31;77;81;9;42;92;88;47;36;71;42;26;93;61;49;32;54;39;63;1;26;79;75;92;46;57;90;11;50;77;47;87;9;16;71;10;52;76;71;98;44;0;48;95;56;12;89;50;98;31;65;45;57;35;68;91;40;98;84;29;48;63;28;42;95;11;49;5;33;86;74;77
XQL2,65;96;10;2;38;37;92;43;13;91;58;68;10;94;93;25;24;45;52;10;55;45;72;39;14;0;17;1;14;73;28;49;8;84;13;59;32;20;86;97;37;76;91;46;95;72;46;14;21;93;58;76;48;72;55;83;29;99;62;86;9;21;47;63;39;9;36;99;64;3;73;36;56;19;57;96;2;87;28;5;48;52;52;59;89;68;2;42;47;23;42;29;57;39;34;45;68;74;64;21
NF5C,56;69;20;7;11;21;77;60;74;83;8;60;66;69;87;81;83;25;61;20;23;2;16;11;37;33;95;92;89;28;0;83;86;73;23;41;29;2;97;49;23;20;63;20;86;54;31;83;6;76;46;32;24;97;33;19;9;35;45;64;0;26;41;47;49;48;46;40;53;56;67;81;35;93;28;85;50;66;38;74;90;92;69;91;29;52;84;73;34;11;26;28;24;40;2;38;1;10;2;44
WX8Q,81;95;16;27;95;78;21;9;62;22;93;82;48;70;26;9;19;49;32;76;45;78;84;1;64;73;40;23;2;50;53;81;32;36;75;14;73;52;85;93;60;45;31;23;54;90;64;0;46;91;62;83;18;28;34;10;54;74;30;58;73;52;49;35;64;3;21;32;75;23;80;95;99;46;97;52;98;34;11;41;54;36;16;78;73;3;44;54;67;68;69;10;90;84;35;89;94;79;21;90
PQ9E,45;56;40;37;51;55;61;94;26;95;96;4;67;73;91;14;37;13;89;82;5;94;64;94;87;81;81;1;51;28;14;7;83;9;63;93;29;37;94;96;53;15;64;44;19;98;92;40;51;81;10;41;58;91;14;77;58;59;76;46;91;59;20;80;21;38;99;0;70;55;1;16;72;76;63;80;60;56;9;30;2;33;28;25;61;14;41;55;12;77;13;98;23;57;77;39;87;68;11;23
RR7G,21;40;30;60;54;21;35;31;20;62;24;13;40;50;40;25;87;40;20;1;55;16;28;19;53;34;23;29;8;64;49;56;29;16;1;43;77;51;95;39;45;44;11;51;75;56;28;41;48;95;24;53;16;26;37;28;39;55;19;46;53;13;32;65;1;51;45;49;37;46;57;20;44;38;55;31;57;34;52;43;47;30;52;63;18;47;10;16;46;46;41;21;75;67;66;3;39;48;24;49
G2I2,60;32;39;17;67;48;35;18;47;14;61;55;37;62;48;50;34;41;32;41;56;43;34;32;30;37;53;37;36;12;52;40;25;43;48;43;61;60;48;6;37;17;30;31;53;27;43;59;31;33;33;47;43;44;31;69;16;64;52;68;36;32;47;27;30;40;55;16;55;33;63;35;28;50;37;74;39;42;49;50;52;24;34;27;51;34;42;29;34;50;63;24;29;44;42;32;55;35;28;29
EXR0,0;54;59;42;19;43;31;80;56;51;98;71;73;78;5;93;54;9;0;3;80;66;0;26;52;92;13;51;34;44;64;4;98;27;51;30;84;7;6;19;52;24;19;62;93;53;21;61;7;84;9;46;8;93;41;90;24;58;54;88;13;67;16;79;50;9;21;30;56;88;63;81;76;80;57;45;20;96;68;32;52;91;73;20;69;57;67;74;44;56;23;3;54;8;48;55;24;25;64;90
XQAB,4;99;61;47;73;89;17;66;44;15;16;79;65;26;80;78;63;30;10;96;33;24;43;2;28;11;32;94;17;49;80;18;85;45;63;28;72;43;76;53;40;32;97;43;51;88;7;17;4;26;77;29;13;7;22;94;5;51;31;15;97;74;87;17;59;43;85;57;54;60;56;86;66;61;83;10;49;38;8;83;16;16;51;2;92;39;16;8;65;67;77;86;65;37;39;79;6;66;8;56
N3DZ,53;95;96;70;69;85;40;30;69;42;82;58;87;98;57;25;67;0;53;20;18;45;3;3;74;59;25;48;19;99;1;7;50;10;94;99;11;57;30;9;66;11;92;47;54;64;51;52;30;73;96;42;25;67;36;9;45;29;33;68;16;69;90;23;11;14;36;88;96;69;12;54;11;87;51;43;6;95;1;69;98;29;49;98;18;34;47;30;50;63;27;59;49;69;86;27;95;71;28;24
AZ3S,38;32;45;49;36;29;48;31;25;53;50;69;44;37;51;45;27;45;23;59;48;37;42;60;32;29;58;35;46;28;39;54;42;43;29;47;45;23;44;45;26;37;45;61;50;79;66;12;44;26;29;41;43;19;43;35;59;27;61;41;49;58;26;32;41;63;62;42;41;35;32;46;21;64;46;26;67;35;48;37;48;40;49;39;53;38;60;57;41;49;37;30;47;50;44;26;63;35;42;33
M0JS,95;50;83;27;0;43;95;92;6;41;73;2;76;68;49;69;96;18;56;10;63;45;29;18;91;5;63;43;24;80;0;53;64;35;71;30;13;36;36;64;25;21;28;40;34;40;84;21;24;34;61;10;58;92;86;66;5;19;40;69;77;64;92;59;7;79;48;37;84;98;6;44;39;97;16;92;30;86;77;6;75;91;86;78;50;99;50;7;0;50;69;72;42;80;95;12;52;2;13;26
CW9L,75;10;84;47;47;36;38;69;48;13;20;20;87;25;43;33;76;89;59;41;45;17;61;10;17;99;66;20;86;95;23;42;29;48;37;33;37;23;20;72;66;42;24;92;80;67;67;67;61;76;86;36;87;61;68;51;11;25;85;88;46;84;17;49;34;49;55;73;74;92;77;47;8;89;22;96;88;49;35;38;26;61;69;39;73;57;96;94;78;1;36;89;28;68;40;26;5;10;83;32
U0JE,19;48;15;2;61;91;11;71;54;55;16;27;55;43;77;21;83;54;8;35;64;33;50;70;99;44;36;76;50;85;44;58;87;30;6;99;17;81;85;13;98;41;74;39;32;27;11;8;74;3;61;40;40;5;56;10;96;8;4;34;7;31;1;92;98;51;77;97;50;17;7;43;11;84;68;89;94;51;5;44;27;93;51;49;14;46;47;15;19;63;82;17;67;57;14;31;86;7;52;69
TBKG,48;65;74;19;25;34;21;61;54;0;30;39;59;7;34;80;2;60;4;94;23;41;49;28;45;5;28;48;75;41;50;98;74;16;10;10;34;96;39;27;31;90;2;17;85;80;91;50;53;17;33;17;9;73;38;32;48;3;94;29;31;66;31;84;63;68;1;63;82;98;96;3;69;77;11;91;68;73;77;23;78;45;63;2;41;26;28;13;34;21;10;48;30;25;86;32;36;13;67;16
F2GE,63;56;97;29;15;44;99;84;15;94;54;50;40;57;16;40;11;78;49;29;67;77;38;77;62;15;77;26;21;84;27;83;59;32;86;14;34;56;72;30;30;42;33;18;96;33;81;90;79;56;85;7;69;78;52;6;60;61;35;2;57;56;99;54;95;17;15;79;42;80;4;67;62;29;96;60;34;34;32;67;5;34;27;12;43;2;45;27;31;3;13;66;30;59;1;55;16;5;4;37
E1TV,55;73;9;51;15;92;75;4;74;25;99;98;93;79;79;25;4;41;98;20;34;40;56;41;1;31;23;80;47;68;75;85;75;52;80;71;30;14;97;51;33;80;77;50;27;83;78;66;5;63;7;16;66;8;11;72;26;27;28;18;71;76;11;42;14;81;45;95;88;20;2;24;41;43;42;59;54;69;72;32;39;0;97;94;72;70;83;85;1;17;83;0;66;97;8;97;44;12;36;24
FZ5G,95;31;19;50;93;45;97;4;14;84;31;21;53;54;60;68;58;32;71;73;22;38;30;77;59;80;47;66;4;65;52;47;71;35;19;56;3;5;39;98;82;83;19;94;5;84;77;93;24;51;88;52;74;99;23;57;40;3;17;86;82;71;61;77;66;89;66;81;70;57;9;5;70;72;8;35;87;43;55;41;79;24;22;24;0;65;37;4;92;62;77;29;15;35;8;55;73;15;32;86
DIGN,10;70;93;88;3;43;89;98;54;53;85;2;13;3;49;19;20;96;54;5;48;42;77;25;12;84;83;86;98;91;52;14;23;67;63;68;65;90;56;97;90;49;81;33;37;48;43;48;5;13;56;50;25;33;31;83;91;39;12;42;26;45;98;8;92;97;47;1;2;65;2;86;62;64;4;34;90;42;49;64;82;30;3;39;36;59;70;81;17;4;11;49;89;24;38;11;48;18;50;31
Q243,54;32;24;14;12;24;74;63;99;47;15;24;31;90;44;42;15;65;1;93;19;15;78;40;70;90;34;0;87;48;68;62;96;82;82;73;92;27;55;24;15;80;30;20;47;4;49;5;11;11;24;28;41;22;62;86;32;22;99;19;73;40;28;17;82;13;88;80;86;98;32;31;32;57;17;18;70;75;23;41;61;21;78;4;67;66;93;20;74;3;42;29;80;84;28;26;37;31;62;39
FQ3L,11;5;17;68;44;2;8;38;87;37;80;13;72;17;43;94;73;71;26;85;25;96;9;89;88;74;86;11;83;7;7;25;92;99;42;6;27;70;33;16;68;79;23;49;32;83;41;30;87;37;12;53;69;14;88;15;26;94;67;64;65;75;60;36;64;98;77;50;9;88;68;38;16;5;53;68;96;17;75;80;6;69;90;82;38;97;44;68;37;56;72;86;64;48;74;22;94;32;30;68
SEU9,70;56;28;55;78;4;63;72;57;38;47;79;32;72;11;26;16;57;31;84;55;36;40;23;80;64;64;60;95;64;41;84;14;54;6;15;7;60;95;62;13;95;57;74;51;84;89;9;0;62;43;48;50;7;73;34;86;90;42;25;40;61;97;91;40;22;53;12;16;74;2;83;98;95;59;75;2;15;55;85;53;59;36;91;62;84;91;35;90;45;81;38;3;42;58;84;69;61;59;58
W5LF,5;25;2;58;44;26;16;67;27;21;24;81;99;87;13;18;77;86;2;32;70;93;39;69;19;19;90;49;21;45;66;49;32;83;25;56;0;45;48;63;81;47;97;98;64;6;30;46;35;46;73;64;82;62;80;24;57;14;42;54;10;80;25;46;99;62;99;74;85;84;25;18;56;80;42;43;54;6;16;18;84;77;17;57;21;28;1;36;66;82;89;14;95;59;92;1;58;75;78;76
WW4S,36;18;77;22;50;71;19;96;28;66;53;16;83;55;48;14;17;28;19;5;45;80;9;43;45;27;53;23;20;95;16;78;26;30;56;74;99;53;11;80;56;2;0;60;62;97;60;99;63;74;50;81;79;95;35;49;38;3;64;2;47;80;74;56;81;30;16;7;43;90;5;56;7;58;57;19;4;82;6;1;12;20;28;28;73;29;13;20;8;13;51;73;12;81;56;75;77;88;37;18
RDFT,6;71;40;66;17;64;90;32;80;48;74;46;79;6;51;66;99;4;2;89;65;62;52;89;56;1;61;3;32;57;90;16;58;71;32;37;24;60;62;21;73;95;96;49;34;60;1;71;36;71;88;42;6;96;9;25;44;22;10;74;6;92;61;43;46;22;0;5;73;81;60;22;97;45;24;37;12;25;30;68;57;63;64;54;28;5;61;31;4;72;15;49;5;95;33;65;12;24;49;95
P8TM,62;35;67;72;18;55;31;41;33;50;69;5;11;93;82;67;67;73;37;17;24;8;43;2;59;88;32;67;57;36;60;59;93;44;33;25;56;52;54;40;12;16;45;3;7;19;55;62;65;90;28;70;48;61;26;25;61;93;58;39;11;49;77;13;18;3;26;55;38;93;18;17;22;1;2;46;68;7;5;34;37;27;73;5;62;68;19;33;63;8;99;58;77;29;46;30;27;51;15;72
Q4V2,94;33;88;40;31;23;88;27;32;22;72;67;32;84;21;13;65;20;40;71;79;17;57;59;16;73;45;8;83;92;56;16;32;23;52;99;48;71;46;71;46;22;26;94;85;20;38;48;14;99;84;85;66;59;66;27;58;22;31;49;27;32;0;94;56;37;73;41;39;20;45;34;60;52;18;45;77;73;14;74;63;82;24;17;38;39;50;64;0;31;26;28;72;79;97;93;87;61;0;95
GHC6,80;97;82;40;15;53;24;94;26;28;30;62;71;43;58;84;27;54;10;69;80;6;17;8;49;40;22;28;60;92;95;88;40;15;59;10;50;85;72;57;94;66;31;29;40;88;42;89;46;6;64;41;38;16;98;14;76;8;38;72;80;73;96;11;50;67;68;81;83;7;6;91;57;72;50;87;32;87;28;51;16;95;81;93;19;10;97;38;23;85;25;12;33;91;61;28;1;10;54;6
X1E8,68;61;64;20;99;74;5;73;45;92;52;68;19;26;2;44;83;95;20;33;6;67;52;47;34;82;83;23;13;3;7;16;4;14;26;46;68;90;62;89;54;31;92;65;87;11;75;95;87;68;34;39;32;23;66;32;27;28;39;30;90;99;39;67;29;1;8;22;23;79;35;64;29;33;13;24;10;51;55;75;87;59;94;33;53;38;52;75;89;96;47;90;44;23;11;88;48;24;4;67
BMUN,9;60;15;79;71;35;35;75;40;83;96;50;38;83;11;56;31;14;98;91;73;10;9;14;42;63;88;85;62;20;62;8;87;79;79;5;43;95;97;68;25;16;94;99;5;38;95;63;58;25;48;22;33;97;87;5;48;99;39;82;82;65;70;44;99;12;1;15;57;11;64;92;97;75;25;37;43;33;53;65;20;40;2;7;14;98;25;34;3;3;91;66;8;97;56;65;89;50;92;25
OB5S,40;60;13;11;33;42;74;19;75;60;4;94;18;9;49;52;21;47;70;73;24;32;50;39;33;55;62;95;89;25;73;41;17;4;80;35;79;0;70;52;88;25;30;35;71;37;6;8;64;78;8;49;48;52;35;1;96;69;19;86;17;2;11;61;90;51;25;45;49;22;46;24;49;18;83;90;42;71;42;44;47;26;34;28;93;30;6;28;64;69;6;93;11;90;35;39;73;69;57;82
CFIL,30;66;62;92;90;3;53;66;91;72;24;88;58;26;55;5;57;27;19;62;74;15;52;6;48;24;68;60;45;24;47;36;6;62;98;54;78;5;51;74;63;25;99;21;88;67;95;47;64;68;57;74;89;78;27;59;31;4;2;25;99;44;60;7;89;30;44;79;85;13;4;26;71;6;33;46;95;16;19;55;80;44;84;46;65;0;62;55;36;12;45;83;55;66;15;38;14;86;0;19
HDY9,26;22;46;70;23;76;79;80;47;65;7;71;94;96;91;98;47;35;16;25;65;28;4;92;89;86;15;30;7;84;20;46;47;70;74;7;77;53;61;31;28;74;4;91;4;27;76;41;92;58;69;39;42;47;33;32;30;5;35;41;38;76;85;6;13;70;17;6;67;79;2;57;7;44;43;6;4;61;62;78;54;67;55;96;27;34;8;10;79;78;49;25;28;77;85;33;2;97;39;19
HIV1,26;75;14;29;44;18;0;17;79;92;41;24;56;60;39;95;68;1;58;22;35;27;6;44;31;52;46;32;36;86;96;46;90;5;42;72;17;73;98;82;61;86;9;47;69;82;79;42;89;21;40;32;52;55;53;25;29;50;29;15;86;22;25;48;76;72;38;65;66;75;78;33;40;66;48;65;65;70;90;44;60;4;72;46;28;8;70;69;19;40;75;17;37;93;29;59;62;75;87;33
Z5PE,81;15;96;19;64;24;69;53;76;89;1;49;36;8;7;53;4;96;18;56;1;29;33;31;87;46;51;10;81;93;50;19;3;82;64;85;72;44;65;76;48;65;48;73;72;41;90;63;42;71;68;82;96;68;90;11;32;77;73;55;82;91;34;88;89;6;33;35;65;99;84;17;34;92;14;2;10;90;97;39;77;77;87;40;30;25;61;26;58;20;60;47;53;77;93;21;42;35;62;12
E24E,72;79;89;78;91;30;28;68;37;89;81;35;63;36;37;77;84;29;25;44;42;57;78;21;87;61;74;98;32;18;37;49;55;13;25;96;28;31;32;54;92;20;39;4;37;99;89;52;34;3;34;62;99;24;70;36;7;26;6;78;66;58;13;72;62;47;44;4;6;1;8;99;48;72;26;24;4;25;41;19;58;81;96;33;43;63;87;1;57;41;24;31;36;47;19;49;12;32;51;74
DH04,42;18;41;81;21;36;25;69;59;37;64;94;45;4;6;13;10;7;34;64;45;80;0;45;33;15;53;17;17;33;90;94;79;68;50;51;4;48;4;54;35;78;77;37;99;76;83;84;71;84;12;78;36;42;19;90;69;94;31;11;96;43;19;93;69;50;85;79;96;66;76;82;32;0;10;26;19;7;69;92;34;19;87;4;33;65;79;2;80;43;76;89;21;93;67;31;7;19;4;61
KPW0,11;94;47;57;7;97;92;89;47;63;71;59;41;36;25;5;65;10;48;7;2;26;60;84;36;64;40;72;20;38;28;43;47;40;68;57;37;31;72;28;43;45;52;40;21;14;52;13;18;81;61;48;49;68;66;12;28;77;53;32;33;6;66;23;21;65;78;91;46;99;46;14;97;15;99;39;19;22;82;94;2;92;12;27;60;54;48;9;69;80;50;43;34;19;36;97;12;53;68;17
J4R9,64;33;4;30;9;86;1;99;39;9;15;38;67;76;93;19;87;72;30;11;76;60;88;90;0;13;30;72;44;88;52;23;28;16;73;91;37;43;21;2;60;76;43;3;5;12;74;74;15;75;3;71;67;52;69;1;36;38;61;74;74;1;58;5;4;12;18;99;44;11;36;78;37;40;90;28;8;61;83;53;72;20;60;0;24;30;75;88;7;34;1;31;23;62;99;32;79;69;10;58
DG4X,46;69;68;44;8;60;85;17;35;45;56;87;38;28;59;82;72;96;20;13;2;13;97;45;65;19;61;27;33;8;60;18;73;1;45;90;10;9;37;17;27;72;27;63;60;24;89;73;0;90;84;18;17;87;8;23;10;5;31;45;12;74;53;94;85;69;42;4;87;97;87;10;22;74;47;9;72;81;49;82;75;24;99;79;60;13;22;19;32;97;97;72;43;84;25;60;88;79;96;92
QWOS,41;8;68;14;31;39;6;13;15;49;1;7;4;57;86;19;99;14;18;87;50;97;84;65;24;82;1;43;0;4;70;69;57;15;3;29;44;69;77;7;88;66;22;3;96;13;73;8;52;66;93;35;6;49;22;41;12;69;38;18;58;57;75;75;65;72;11;47;63;53;38;26;7;21;8;59;42;21;94;0;12;95;6;96;37;30;79;49;7;24;82;35;40;69;36;10;30;12;82;88
RZ6X,33;24;38;99;82;80;47;50;86;46;59;76;62;57;90;76;16;71;28;79;94;52;24;64;20;40;32;20;56;20;94;51;14;65;94;43;75;23;15;6;20;70;85;92;0;8;41;55;0;71;85;42;15;80;66;36;89;13;82;66;45;91;48;97;98;89;28;27;56;66;49;80;68;13;77;36;62;48;99;92;84;78;0;47;52;83;56;0;55;18;25;58;40;69;31;31;91;65;15;54
WC6J,4;38;64;58;52;40;44;19;33;67;82;62;29;9;88;96;37;35;26;49;10;72;42;81;38;20;38;28;53;80;47;40;75;58;58;68;22;28;108;35;53;31;45;80;66;53;32;55;53;84;26;52;52;66;19;51;37;79;64;63;72;24;72;30;71;64;73;56;81;77;47;49;46;30;30;31;53;57;55;35;105;18;41;73;50;36;22;68;43;63;47;40;58;26;32;31;20;68;53;33
ZJG1,86;29;85;67;85;69;3;5;70;41;4;44;47;83;93;33;76;77;73;74;22;46;58;47;14;63;44;35;32;19;18;66;16;85;10;46;32;5;1;22;42;78;24;14;42;35;83;55;79;64;86;26;54;60;95;28;55;37;57;38;84;84;91;78;62;44;40;26;18;62;83;24;66;83;91;15;92;30;25;54;96;4;79;39;79;14;93;36;22;50;55;74;78;23;85;10;94;23;48;85
Y94P,30;88;75;91;80;74;48;39;31;12;6;44;55;43;53;59;16;52;62;63;62;6;30;85;9;67;11;95;87;3;61;5;90;57;83;68;40;94;5;60;10;4;47;50;97;40;99;79;11;28;35;76;49;36;95;48;36;8;57;31;30;12;28;73;55;21;27;75;8;8;30;45;6;35;99;58;73;67;87;69;45;37;74;86;35;23;33;44;65;12;74;29;80;54;9;77;59;84;21;16
CDL3,76;50;54;69;70;2;41;93;75;20;2;99;66;58;82;43;55;87;72;13;81;77;63;17;24;56;33;8;84;65;72;40;39;83;3;9;24;30;14;62;38;26;48;9;78;94;39;30;64;7;63;99;5;95;76;4;14;60;97;10;83;82;21;44;31;32;29;54;16;63;21;34;7;52;52;76;37;97;62;93;77;88;69;40;33;24;20;2;93;53;1;92;59;3;67;79;69;66;72;48
BX50,29;89;59;0;49;54;47;62;9;33;7;78;29;28;84;97;60;16;56;91;43;94;76;80;61;81;95;24;95;10;58;57;64;38;82;50;94;2;8;29;11;69;20;81;40;87;15;7;48;21;28;95;58;21;32;0;48;32;21;36;32;31;71;25;29;75;96;46;87;53;0;62;84;10;89;19;19;17;68;26;36;31;31;16;82;88;0;54;73;69;84;90;47;84;34;41;92;36;83;44
WZKA,42;73;31;46;46;39;28;46;35;29;17;48;27;25;57;44;29;39;43;43;52;42;45;54;35;26;32;40;32;20;39;48;28;51;41;19;28;67;39;30;39;56;22;23;39;23;59;60;33;35;36;29;34;37;33;39;37;48;49;81;34;36;28;28;32;49;50;54;48;49;62;26;43;56;12;62;47;47;34;57;41;42;42;30;53;53;49;46;65;58;54;56;32;40;51;19;61;28;37;27
LWJC,92;94;93;20;6;13;45;77;19;82;96;58;53;85;20;42;75;48;24;0;68;84;42;64;38;26;42;95;27;16;69;56;14;83;92;43;10;54;74;92;83;9;81;50;58;64;81;98;95;98;70;48;20;58;83;24;85;69;53;70;47;54;91;32;90;12;25;17;53;86;16;11;62;29;80;1;30;34;61;59;44;58;99;80;0;0;12;31;34;99;41;10;97;50;62;3;88;53;84;16
XWP5,26;86;99;56;63;92;24;60;14;87;20;6;66;97;83;46;94;66;56;20;88;75;91;91;1;34;23;20;30;86;50;73;96;94;21;13;20;57;95;50;17;15;39;11;78;71;2;36;13;96;27;27;30;39;77;41;98;92;11;54;27;53;44;98;9;37;78;9;43;24;5;57;40;24;77;7;42;76;4;64;29;81;90;67;0;19;47;21;68;94;96;37;54;86;14;54;36;20;4;30
S89U,59;99;57;17;99;83;82;71;91;32;8;69;69;39;56;99;74;82;35;25;57;34;85;22;55;75;93;85;29;71;35;18;19;95;69;52;72;79;84;83;40;13;95;47;38;70;30;80;81;85;8;4;97;37;83;63;68;42;93;66;23;63;81;84;95;27;48;93;49;73;7;52;46;43;82;40;45;56;13;51;67;14;95;56;88;59;23;31;91;23;40;15;32;24;34;88;23;37;63;60
S29M,76;0;58;92;14;4;65;77;19;36;6;67;95;36;80;97;93;98;81;58;43;85;27;88;81;51;35;66;41;19;75;73;17;91;13;22;8;49;15;30;48;8;10;26;26;42;59;86;29;61;77;42;64;83;0;93;65;98;24;42;91;23;1;36;57;35;39;89;90;36;19;67;21;39;53;80;21;33;74;48;37;92;61;5;59;24;65;59;68;95;66;10;12;58;33;89;35;26;4;33
G2KY,76;18;27;76;80;33;39;39;35;96;5;46;84;57;31;34;10;18;82;96;49;99;10;92;97;62;71;12;55;65;21;13;89;24;89;75;25;1;15;52;24;46;24;95;37;78;37;35;84;93;51;49;99;31;3;53;44;11;18;29;22;93;53;33;42;81;98;31;83;70;18;73;34;76;8;70;16;90;0;5;21;57;21;98;81;34;86;11;13;27;55;23;53;98;92;11;15;69;58;65
RN9A,44;11;92;97;3;32;50;99;93;80;21;77;98;75;48;78;46;54;92;96;95;36;90;90;70;5;52;54;84;75;81;78;49;90;55;46;84;26;65;31;50;97;59;46;17;62;81;3;81;10;21;45;74;97;97;87;13;53;0;62;21;44;66;38;58;92;35;67;13;44;21;26;96;77;10;88;21;30;99;27;26;2;64;87;95;33;58;69;27;62;23;48;10;44;98;84;80;99;10;28
D4U2,40;14;54;47;43;49;45;55;70;57;35;49;47;48;40;9;37;54;47;34;34;30;30;51;20;19;25;44;28;43;15;36;49;45;39;44;41;33;47;35;29;57;86;25;29;41;55;55;50;9;39;33;34;42;52;64;58;53;31;44;41;65;22;48;31;44;34;34;29;36;44;35;55;19;40;19;36;52;27;55;41;24;23;68;60;44;27;48;25;60;59;39;47;52;67;38;39;27;39;47
SKCC,13;26;71;79;60;44;48;7;57;68;91;45;1;87;97;94;92;63;20;43;22;57;25;95;74;96;44;50;14;5;36;85;97;79;15;49;88;72;59;76;29;22;54;47;84;94;92;21;34;55;90;25;82;67;73;33;36;27;26;59;6;12;76;44;33;75;48;23;35;41;56;68;41;23;76;47;76;55;23;41;40;59;12;10;69;16;81;96;23;95;0;31;30;79;67;74;4;44;40;7
MTKC,49;43;53;11;24;41;23;64;47;52;46;46;40;31;26;57;29;45;74;52;39;66;61;51;53;25;52;55;59;39;52;60;58;62;65;45;17;58;4;49;52;58;87;56;48;32;57;48;30;22;44;36;62;47;47;44;44;35;38;31;71;44;43;16;80;51;41;44;47;59;30;74;32;27;26;42;17;36;34;53;51;58;16;39;56;16;50;61;39;38;31;46;35;36;48;45;40;49;50;38
UV1Q,21;63;18;30;40;3;18;39;9;22;31;74;87;79;79;8;39;67;53;17;96;94;60;78;14;14;38;3;62;86;43;33;71;27;98;13;73;85;50;52;20;16;91;90;65;44;8;4;40;72;45;22;12;16;75;10;56;19;27;60;96;69;60;23;1;69;72;81;54;31;41;99;66;85;47;28;91;23;66;65;42;69;66;5;7;93;38;43;40;70;50;61;44;85;22;71;85;10;5;90
FMKV,48;60;1;52;79;98;72;53;64;56;75;18;56;65;68;62;8;66;72;3;77;79;21;89;80;83;25;32;53;4;38;39;69;98;81;21;15;36;65;0;28;94;57;41;89;77;23;19;90;80;12;38;42;83;13;84;18;51;3;12;12;70;7;99;48;92;90;40;18;11;65;51;67;52;13;23;35;21;92;66;24;11;68;14;48;67;57;21;53;29;95;13;65;8;6;94;98;43;74;77
J5LR,58;44;23;0;15;54;93;63;30;90;37;76;35;46;42;70;73;8;53;74;35;74;73;81;54;3;43;83;27;39;76;10;77;62;52;71;84;76;48;64;85;38;29;7;66;1;26;55;30;39;83;69;18;20;31;6;23;58;97;92;85;13;85;22;49;54;65;50;14;75;35;26;6;57;97;51;79;2;16;39;2;98;99;46;44;13;88;15;68;77;69;24;62;79;13;68;74;5;66;61
JHD7,13;36;48;2;21;87;44;24;49;46;37;10;44;90;17;73;67;34;23;70;67;8;32;10;20;23;34;14;9;64;2;97;93;13;60;59;51;98;59;93;66;71;76;36;75;71;55;46;67;88;14;25;54;59;15;74;70;55;32;52;34;6;22;3;54;16;58;92;60;49;23;17;17;34;66;75;54;24;65;54;39;69;72;25;61;43;18;65;33;3;18;93;20;55;10;26;66;89;52;0
WY41,85;40;97;1;89;17;69;54;35;22;12;32;88;45;16;94;36;31;2;37;44;10;53;85;85;14;88;70;38;50;48;6;46;98;81;84;56;56;14;51;88;19;97;30;27;64;86;16;88;12;27;41;25;32;48;24;77;61;40;31;51;31;76;81;81;25;70;54;52;29;59;90;31;54;47;72;4;88;17;97;30;65;61;90;45;10;85;3;64;68;84;74;73;98;0;72;16;84;84;51
SUD1,84;95;41;28;93;26;41;76;4;4;64;23;2;39;15;80;81;74;51;0;12;93;58;91;35;50;19;88;15;23;30;19;14;88;43;40;72;60;67;85;61;64;96;89;43;52;21;47;12;47;29;63;36;50;34;80;33;28;39;75;97;61;60;48;50;85;90;39;78;40;26;22;9;41;30;30;75;60;75;23;75;77;11;11;6;95;43;19;49;57;25;52;37;4;11;28;77;70;4;24
UQ7Y,20;50;66;95;21;95;98;3;83;26;76;12;19;26;79;44;85;45;12;87;51;41;20;58;80;50;61;83;67;59;34;28;38;33;2;57;0;33;30;12;11;36;39;4;28;9;56;97;60;28;10;99;35;63;13;41;40;62;43;75;89;72;27;25;43;28;40;24;90;62;1;58;73;68;85;68;32;61;36;92;51;17;60;25;0;58;94;33;26;91;89;29;21;76;50;76;17;49;51;58
LLDM,86;24;44;28;21;47;6;17;9;27;20;69;88;12;57;28;23;7;64;93;81;62;85;0;66;82;23;38;11;41;29;54;73;12;87;58;14;94;6;15;81;95;96;6;94;49;7;97;19;25;62;2;38;74;57;66;14;59;41;57;50;22;83;78;73;5;51;82;65;28;55;31;7;13;94;19;79;14;63;48;57;70;61;79;55;67;0;88;55;67;31;45;5;60;21;81;50;94;56;57
NGDP,30;37;55;20;33;84;10;14;34;47;56;44;53;70;63;3;19;66;33;9;20;61;15;73;38;23;74;68;13;77;4;98;90;0;71;70;69;1;94;44;19;9;1;89;8;64;25;60;40;30;37;63;33;34;25;28;5;55;40;28;69;1;80;67;41;59;52;10;12;11;60;21;52;90;25;59;47;8;84;89;17;72;87;57;94;46;47;49;20;66;58;63;26;94;21;22;97;96;86;50
U1V2,91;98;38;50;95;11;94;16;5;96;7;13;24;94;77;33;62;96;72;20;47;0;79;98;93;21;17;95;36;66;88;10;44;67;19;30;63;62;93;44;9;76;8;44;88;99;81;66;45;5;1;20;33;79;36;36;92;44;46;41;75;56;19;11;42;29;69;0;33;65;33;72;84;22;35;74;39;56;50;85;36;69;96;17;31;47;48;12;51;18;35;84;3;84;29;93;98;59;63;44
R0KX,6;90;2;7;6;97;94;3;88;2;10;54;4;58;22;98;6;76;46;35;48;56;6;59;43;58;6;72;36;4;82;43;82;55;17;10;26;41;9;65;52;33;40;60;14;2;59;77;16;81;79;41;26;15;52;82;25;76;69;21;80;58;27;21;71;26;84;61;23;92;8;73;34;62;23;12;95;56;53;27;29;43;9;54;23;68;5;33;59;82;76;33;57;4;11;5;69;70;58;87
P1WH,36;47;27;98;91;48;86;20;77;56;37;66;85;7;99;90;21;50;0;38;57;28;47;69;65;51;76;85;44;76;3;21;56;63;52;6;63;18;66;49;89;65;82;37;45;65;93;52;74;66;3;20;75;58;51;60;46;35;60;91;17;76;54;37;35;64;41;14;87;17;96;16;84;77;2;33;97;92;90;2;76;97;68;42;29;90;27;72;28;99;28;5;64;70;77;54;12;23;96;37
MG2V,24;9;36;9;24;8;71;58;63;6;29;46;36;14;26;28;35;11;20;12;93;14;48;87;25;22;6;79;30;27;61;87;29;40;84;43;91;6;20;87;33;98;12;30;0;18;2;98;80;78;82;31;92;34;80;69;75;9;10;86;62;8;8;73;34;31;60;14;15;97;48;84;35;75;94;5;54;30;43;85;38;94;24;24;26;18;29;1;51;41;81;10;54;86;23;78;75;9;71;27
VB56,66;49;48;54;18;57;79;60;20;65;65;61;50;26;12;29;38;48;51;36;19;44;34;51;20;94;89;9;42;45;73;13;79;7;28;43;20;17;64;19;3;56;46;73;21;15;93;72;15;17;6;82;25;82;32;94;76;26;37;93;18;26;8;57;24;36;23;8;67;9;17;21;0;26;23;86;42;20;68;63;22;14;90;78;2;10;89;33;60;19;37;56;93;18;3;19;18;30;94;33
HJ0O,16;59;18;63;49;0;31;29;50;12;49;22;20;3;36;23;62;15;26;29;16;34;82;65;11;2;46;71;49;68;94;96;29;71;20;99;60;16;61;88;87;13;74;97;81;91;32;41;33;45;14;33;78;54;53;1;99;11;2;85;81;10;87;62;56;43;56;89;81;58;85;31;15;58;58;55;2;25;4;8;25;96;46;10;72;3;67;80;93;6;82;52;36;6;6;64;82;67;69;74
UQ6M,16;39;48;95;24;29;80;60;39;56;72;31;59;12;31;13;54;89;64;25;65;38;3;9;92;18;43;44;69;99;81;73;99;53;36;3;10;34;44;54;1;28;29;27;61;53;65;80;13;71;74;55;28;63;59;81;58;33;59;27;52;61;76;41;19;61;1;68;32;67;13;50;53;67;85;47;50;54;73;75;45;26;12;7;24;42;51;70;66;36;47;61;0;14;51;67;62;31;8;56
V1N7,61;98;88;69;60;72;98;80;21;67;36;78;9;49;41;84;55;5;94;86;0;84;94;49;53;89;30;12;64;93;29;78;14;11;30;42;94;60;63;52;47;39;14;62;40;49;79;11;13;31;8;49;91;77;16;69;41;32;99;9;58;35;65;58;62;64;12;24;96;74;55;72;11;54;16;89;37;51;29;70;10;19;14;28;17;89;20;71;49;53;23;75;7;47;39;82;11;76;76;28
IF3O,92;61;64;13;74;67;49;96;56;9;43;68;16;79;26;40;85;1;29;70;9;38;83;6;32;66;20;58;49;69;82;62;80;19;34;71;66;93;63;23;64;30;68;43;39;80;95;77;45;49;66;10;49;47;47;48;5;7;53;25;65;94;97;1;5;98;3;77;15;28;97;89;95;49;51;27;20;38;49;90;40;29;53;23;16;97;9;15;82;6;81;32;4;78;44;57;86;12;9;39
Y4D0,30;57;17;24;73;80;54;24;76;86;75;25;31;56;42;47;5;51;86;47;9;16;55;91;8;45;40;68;15;25;99;99;84;28;89;64;63;87;92;17;78;50;69;76;78;22;3;41;47;65;32;47;75;62;72;29;83;54;92;13;26;84;28;61;10;2;0;6;6;52;54;54;34;42;96;85;51;34;46;21;58;84;2;79;20;92;0;30;16;34;26;59;37;67;37;91;44;31;62;41
M46E,88;93;12;85;74;24;65;94;41;86;54;76;36;85;84;75;17;18;50;17;18;31;37;88;17;97;32;74;35;92;53;14;47;4;23;51;40;92;0;51;80;58;40;2;81;31;25;89;17;93;59;86;63;63;39;22;46;0;0;22;90;72;30;75;26;72;90;85;47;81;55;79;76;97;91;85;79;82;67;14;8;75;30;46;74;69;52;44;42;83;63;57;13;39;86;1;30;2;69;71
QEL9,28;33;33;4;89;38;94;93;83;4;3;81;47;98;90;80;4;38;91;89;59;1;58;20;45;96;85;72;16;13;94;22;56;31;59;2;39;7;35;3;65;92;9;99;98;8;59;76;70;74;96;50;98;43;44;21;41;76;98;11;89;17;41;48;49;9;56;74;88;59;99;8;72;25;2;75;18;96;5;61;94;76;62;14;11;57;68;76;23;51;41;54;78;62;99;61;97;35;88;92
XSGQ,41;74;71;64;71;36;72;18;65;60;28;15;13;74;67;84;93;91;57;5;24;38;34;33;20;56;34;83;26;9;50;23;49;45;77;24;37;86;26;47;52;7;59;93;11;82;91;49;99;54;30;64;40;69;1;22;58;82;25;86;83;83;4;6;5;82;63;54;20;50;75;8;13;69;23;81;50;68;72;59;43;63;32;46;58;79;74;60;31;78;62;41;66;19;13;36;89;47;7;86
KRUZ,70;56;81;11;59;65;86;68;72;23;53;69;89;54;45;62;54;2;26;43;1;15;54;27;36;55;34;83;28;28;44;63;53;77;29;7;21;11;92;78;27;49;17;52;72;29;81;55;4;64;11;29;3;54;36;25;92;88;1;43;40;63;21;17;60;82;89;33;61;4;67;13;88;35;79;99;5;73;19;93;89;1;75;80;41;10;97;14;68;73;59;69;36;77;73;52;85;8;38;49
ZE9A,20;88;7;0;71;47;64;21;42;75;93;32;4;20;24;5;15;72;97;97;76;42;33;46;4;62;45;71;86;11;60;81;28;91;88;96;79;98;5;29;62;74;87;84;75;30;13;61;50;19;8;7;52;16;75;42;64;43;26;76;61;98;26;60;87;6;71;58;68;28;33;18;43;86;4;32;59;85;11;72;83;40;56;39;75;4;30;18;47;4;41;92;15;36;79;84;54;15;13;57
XOBQ,23;21;34;83;59;98;60;51;84;90;85;8;89;89;80;64;10;44;70;76;95;66;69;87;65;18;6;26;18;11;81;6;78;80;73;27;51;54;71;57;74;52;5;69;4;5;48;61;60;38;83;89;96;1;31;47;3;81;19;6;69;0;49;92;65;34;56;65;96;8;54;12;56;14;89;45;41;77;89;32;24;57;53;26;42;95;87;81;91;63;47;3;48;74;56;76;88;79;50;57
QCU0,25;39;38;56;80;2;94;81;58;5;71;95;4;41;17;80;93;12;63;50;45;38;56;48;43;39;68;76;66;61;38;33;97;78;98;44;40;47;96;95;59;97;92;11;57;55;5;73;22;5;16;13;69;0;70;78;21;44;74;17;8;55;62;92;22;94;6;95;53;55;47;31;70;50;41;51;72;89;67;0;33;37;20;40;72;70;39;20;54;71;84;96;34;10;38;44;73;31;38;28
S4B8,51;7;25;16;94;25;14;68;51;74;86;87;84;50;38;30;79;3;44;8;36;74;37;28;85;58;68;15;11;42;53;5;91;10;90;55;0;22;41;52;37;71;16;92;16;95;59;63;48;75;67;7;36;56;1;82;48;16;73;62;45;55;88;30;35;94;41;6;14;95;35;88;31;99;21;79;28;10;45;65;71;17;23;72;57;34;10;77;90;68;63;17;21;44;29;81;49;33;26;6
XPIH,91;96;66;23;24;22;79;25;6;66;1;41;99;54;30;51;97;62;3;99;90;89;45;86;53;12;36;64;78;0;56;54;26;39;85;8;12;31;68;23;68;50;91;2;71;1;87;64;30;84;0;0;63;32;51;85;25;9;77;7;31;32;82;70;84;4;94;6;44;0;19;56;31;21;85;30;39;6;71;85;39;90;94;76;94;93;89;57;19;32;47;31;11;23;26;5;37;5;73;21
BZYC,66;28;49;20;64;63;80;82;39;24;80;89;11;21;87;0;34;66;59;92;31;70;99;13;68;97;89;58;35;2;72;6;1;24;79;16;2;34;63;71;90;68;89;36;65;36;55;62;87;70;16;57;15;60;4;43;57;30;38;92;67;62;79;20;29;21;24;67;21;83;31;20;34;92;43;51;82;27;48;66;83;16;67;31;23;18;92;72;62;3;35;20;77;97;8;14;50;29;42;32
RDHQ,53;67;71;83;39;88;32;85;15;69;71;99;69;24;53;71;4;41;97;24;58;30;32;7;26;41;25;63;11;67;71;74;50;89;59;45;17;0;10;99;26;66;88;11;99;51;70;35;51;27;87;29;70;6;61;81;39;2;76;33;15;29;40;90;32;56;76;54;12;73;55;24;99;62;90;32;22;65;40;12;61;73;35;20;41;93;60;8;56;67;62;30;36;6;0;47;14;66;84;40
LU0Q,46;30;78;97;93;50;90;21;84;47;30;32;11;43;50;91;33;70;49;60;44;51;55;59;0;98;31;32;17;99;81;70;73;45;60;62;88;88;54;82;98;42;44;85;96;1;25;93;69;82;52;9;4;21;2;25;63;41;86;56;58;71;11;40;86;35;36;48;61;7;23;91;98;45;37;49;92;16;75;92;16;55;37;9;20;78;23;13;10;30;65;8;17;51;9;29;48;8;25;51
L9U9,26;23;88;59;55;88;68;68;79;64;87;97;58;66;2;47;64;64;19;22;44;80;80;76;56;40;86;17;94;47;1;0;66;62;12;47;67;51;14;20;76;57;72;52;83;69;10;48;24;74;54;78;45;77;98;41;31;99;15;14;77;43;82;49;20;11;52;96;98;75;22;19;73;86;54;8;0;75;85;45;46;64;74;29;31;5;45;36;83;83;17;83;82;3;1;20;38;79;61;42
WLYW,62;26;4;21;59;54;47;11;43;4;37;81;38;1;13;59;53;43;52;80;60;45;88;69;80;61;94;80;74;80;64;83;63;18;29;3;51;12;53;9;34;44;68;20;59;89;72;69;14;12;74;95;72;26;59;77;83;8;80;19;93;41;0;2;59;88;30;17;45;38;49;49;47;26;37;35;60;96;9;41;48;88;84;96;61;30;29;34;27;51;61;24;1;53;12;58;40;99;56;42
YAA5,76;42;50;74;85;25;37;12;11;29;61;27;56;27;23;17;5;13;35;14;46;83;50;99;74;71;81;89;44;58;9;10;92;37;36;86;19;1;66;51;97;23;77;1;65;55;11;58;96;8;69;39;88;22;10;66;97;88;54;68;1;73;77;24;3;34;88;17;38;13;74;82;64;73;4;98;31;90;47;67;21;0;52;19;80;32;54;57;57;3;12;10;56;76;42;46;98;41;50;14
A2U2,58;8;77;62;53;97;14;39;3;75;35;24;77;22;43;33;92;29;65;65;45;27;25;93;82;23;85;30;6;5;5;40;15;80;61;60;60;65;80;84;29;18;58;27;75;4;0;64;25;96;4;96;93;76;13;81;32;23;56;96;48;78;40;28;81;31;25;37;40;96;63;60;1;48;47;22;11;46;82;26;52;27;78;93;75;91;15;97;58;24;10;54;35;99;11;70;7;43;48;27
CJ7B,96;71;41;51;90;40;22;65;28;71;31;7;99;60;48;16;35;80;45;62;30;82;71;82;97;74;94;2;14;57;83;42;33;10;11;18;92;44;71;36;27;77;92;45;2;15;46;35;30;25;20;55;6;73;11;64;54;77;5;4;51;12;38;22;62;95;46;66;64;74;85;58;24;58;14;77;27;72;59;14;48;8;59;19;35;51;7;39;52;58;4;87;61;44;74;57;42;12;65;59
ZD9B,94;42;80;54;83;50;29;25;3;54;68;9;45;58;58;20;34;65;88;21;72;60;85;98;48;37;89;9;57;40;27;83;86;38;9;10;42;11;48;81;84;2;27;74;93;37;69;48;30;38;15;26;51;1;12;64;2;79;43;58;82;25;75;44;20;95;31;85;71;45;49;67;0;56;1;43;29;40;23;70;63;25;1;73;35;40;80;83;5;22;78;45;77;5;32;65;44;2;22;24
E0GX,32;45;39;20;43;21;44;43;28;43;24;32;45;50;44;21;57;52;46;37;57;16;52;40;34;55;50;35;4;35;30;59;66;56;55;47;36;27;44;22;57;32;29;53;39;23;70;54;46;59;39;58;34;79;27;33;36;57;71;26;48;45;49;6;48;20;34;26;30;61;33;23;16;79;40;30;41;47;30;51;32;52;71;31;43;33;38;34;32;37;46;34;34;58;44;51;69;23;52;39
QI5Q,60;65;79;34;58;58;27;26;84;25;80;6;63;32;3;82;45;26;62;68;39;87;87;60;42;36;37;85;12;80;58;28;73;39;49;55;78;32;81;1;38;98;79;88;10;93;36;64;79;8;34;0;56;37;40;95;59;36;95;30;18;36;4;13;26;22;12;23;46;75;7;86;86;26;48;40;96;21;19;5;52;22;96;26;12;70;48;52;91;97;11;58;72;47;9;87;84;3;11;28
PSOK,47;94;28;33;82;67;91;53;58;77;12;86;46;0;15;21;91;10;12;43;81;64;15;64;36;28;77;16;81;59;97;59;96;70;90;91;93;55;30;29;76;58;52;4;91;57;68;33;87;22;55;16;94;23;30;97;95;16;98;56;29;50;82;79;2;23;35;29;85;51;49;35;75;50;65;7;94;48;6;33;96;86;67;48;66;25;3;77;90;89;23;44;89;57;66;28;41;27;88;76
Z84R,99;60;60;70;1;43;41;14;14;31;57;71;38;29;37;95;80;30;96;23;89;79;22;99;42;56;12;32;86;55;58;97;58;86;64;45;6;22;81;96;85;95;38;8;31;21;47;96;3;29;95;86;63;66;52;75;86;20;18;48;0;15;98;38;90;27;57;41;98;43;27;94;72;55;86;96;99;61;86;18;73;13;26;36;77;81;38;80;83;41;52;4;55;54;26;61;28;78;94;18
MCGB,33;92;63;35;30;29;30;67;75;88;72;33;4;59;44;0;21;43;58;77;93;30;86;35;86;49;44;65;50;94;39;69;49;94;8;90;26;66;32;26;16;4;11;66;21;37;84;16;74;75;90;68;34;93;29;31;57;55;81;20;73;64;25;16;68;46;0;62;14;77;97;44;98;84;88;57;91;21;8;0;24;80;14;82;41;48;53;4;38;74;96;12;79;70;28;41;46;88;34;14
BCIS,73;89;55;2;53;65;43;27;88;27;34;72;39;29;63;30;49;52;9;73;33;69;49;33;25;96;61;63;93;56;62;17;87;43;87;75;33;35;1;99;94;34;56;88;62;79;47;83;44;38;32;43;69;99;56;39;39;30;34;74;14;75;11;75;92;6;61;83;35;6;97;93;82;48;40;88;77;65;86;4;71;56;90;51;71;39;66;22;35;65;30;5;4;90;77;19;94;66;89;79
TN6V,37;25;46;43;45;59;94;84;23;37;4;57;38;83;58;48;25;37;68;35;60;94;97;57;34;17;74;6;28;54;1;37;34;43;57;61;95;4;79;31;27;12;73;60;38;91;91;55;69;30;86;15;1;83;96;94;28;2;43;73;30;15;64;64;73;85;88;50;54;92;17;20;25;41;94;51;65;36;53;20;44;18;7;31;40;32;91;95;2;19;55;17;98;15;26;60;81;44;3;74
A62Z,68;32;32;93;81;92;26;24;79;74;58;94;67;27;2;83;86;71;25;69;12;27;71;44;29;69;24;5;8;43;58;76;94;53;54;44;81;61;93;45;18;32;16;0;18;56;46;49;78;72;94;6;14;65;8;4;66;51;1;73;17;43;35;69;11;85;60;5;35;24;20;89;90;83;2;86;74;96;14;25;19;40;85;19;3;6;42;14;27;60;13;89;69;36;23;77;9;64;85;4
OE4G,62;84;17;25;8;78;58;17;57;60;41;39;55;25;92;78;89;98;71;35;35;92;77;17;0;95;13;99;33;3;41;87;19;52;36;95;53;68;74;93;80;72;58;48;25;95;9;27;89;80;70;79;24;91;75;41;91;85;93;96;68;85;8;97;92;50;70;10;92;46;46;49;25;16;27;19;81;58;55;83;32;47;70;21;37;57;82;97;98;63;68;37;58;98;62;36;93;34;88;72
MQCE,0;26;17;6;49;10;72;39;92;22;5;36;28;14;12;11;27;11;1;34;35;97;43;64;23;23;54;30;84;7;79;73;76;4;68;72;56;30;3;46;13;41;83;93;37;11;26;22;79;84;39;67;35;8;49;31;41;64;69;29;43;13;28;90;66;18;80;56;41;0;88;10;94;25;81;22;31;95;60;63;45;79;18;44;23;59;98;8;61;4;93;76;32;0;54;43;47;95;14;63
GBGG,6;45;13;96;22;57;46;36;96;65;96;16;91;19;37;0;96;34;9;31;92;29;23;72;1;8;74;62;55;72;94;27;28;15;27;40;41;84;15;63;45;37;65;70;37;6;98;16;38;97;17;74;34;21;88;36;30;52;41;65;1;67;51;13;95;8;89;11;13;50;13;0;52;26;99;71;13;29;61;2;31;34;47;9;69;74;88;99;99;67;39;78;36;59;72;36;99;14;43;84
P7AT,56;41;65;53;24;46;45;52;37;34;34;48;68;19;35;55;32;44;51;63;28;66;59;32;42;44;32;56;40;45;36;11;50;43;59;58;54;40;42;48;52;46;43;35;25;51;48;30;57;31;52;31;70;59;36;35;30;59;56;22;17;63;30;22;61;46;50;39;40;44;58;54;31;47;35;29;48;31;63;53;17;57;35;27;49;40;39;29;49;21;38;34;38;35;35;62;31;15;57;33
OXK6,8;28;77;7;47;12;85;78;20;67;24;66;85;75;16;51;22;0;48;52;69;37;77;21;70;86;91;33;81;53;49;13;93;26;77;73;97;4;51;64;43;53;17;82;6;49;75;74;62;20;68;70;74;30;5;25;72;9;80;87;89;78;38;92;73;21;15;6;98;43;42;53;54;37;91;15;10;75;80;77;90;47;84;53;88;5;65;12;60;96;82;32;26;83;37;27;14;45;74;4
LDDL,39;68;24;7;80;61;71;22;46;53;44;42;28;80;77;69;83;76;54;48;47;94;70;50;92;66;5;16;93;81;78;87;97;30;66;33;36;86;48;49;89;41;80;11;26;86;58;39;26;67;28;1;51;39;37;54;7;9;93;55;8;54;18;85;69;22;13;64;29;84;81;64;11;77;82;45;19;43;38;82;79;3;73;2;95;52;87;65;44;58;25;70;32;64;7;74;14;10;61;56
V8NC,35;45;62;66;27;26;57;40;80;45;79;28;44;38;54;57;41;34;25;44;75;35;61;58;29;47;41;55;37;55;37;57;45;18;55;60;59;56;60;68;63;48;83;32;52;50;57;57;46;84;70;80;39;42;24;52;43;49;15;52;20;55;59;48;52;51;40;28;46;87;26;72;87;29;73;68;49;57;60;40;55;54;59;62;43;61;63;83;40;48;60;54;40;49;76;44;75;35;85;52
HPX4,52;51;90;35;9;37;0;84;12;75;7;41;90;69;94;70;96;72;74;35;74;11;37;25;47;99;83;3;56;56;57;71;84;87;91;24;26;42;41;5;23;50;46;4;60;45;80;82;37;75;56;47;60;87;84;78;67;16;36;11;80;57;75;57;10;50;39;16;98;89;32;67;66;18;77;98;71;59;30;35;13;80;49;99;75;59;24;22;40;8;25;0;6;35;58;86;39;46;36;25
H1MV,17;63;46;33;41;52;22;48;50;50;57;31;56;70;54;54;29;38;54;67;49;31;36;23;51;32;33;45;41;30;22;36;59;49;24;36;41;46;46;56;19;38;46;39;72;42;45;42;47;25;55;35;52;19;28;34;33;62;38;76;51;54;43;65;35;26;27;51;31;38;24;40;75;56;67;54;18;70;31;59;54;47;24;41;56;30;52;48;34;37;48;34;46;38;48;42;30;71;32;57
JF36,14;8;7;64;57;26;43;98;31;64;23;69;45;17;7;87;97;4;90;82;52;25;36;94;28;72;5;71;85;59;25;82;1;68;44;42;66;27;67;21;67;14;57;58;35;47;53;7;49;94;65;88;90;68;72;43;25;56;90;29;13;6;44;34;90;58;75;97;42;90;69;48;11;52;55;28;93;79;74;4;10;1;9;0;94;3;53;29;9;33;64;19;32;28;93;16;7;74;72;44
EEO5,83;0;76;62;63;97;76;99;94;3;54;41;54;18;3;35;61;59;9;56;38;70;49;83;87;98;56;46;61;56;81;87;43;76;33;32;85;60;53;9;33;71;89;32;7;31;26;89;67;0;26;52;41;94;48;45;0;69;90;74;29;52;59;55;98;11;54;35;67;54;26;3;65;3;88;26;66;79;79;73;66;47;24;92;71;10;80;96;57;7;39;99;52;65;15;35;2;97;14;96
DRIU,38;21;28;63;19;55;9;52;77;59;51;2;52;21;75;91;84;52;68;56;19;96;89;16;31;68;51;51;64;24;32;81;37;90;93;81;75;34;18;34;10;99;27;35;52;84;64;81;29;73;78;30;53;7;65;55;10;91;29;33;58;76;9;90;45;24;29;92;95;46;43;44;68;73;17;73;61;56;18;34;37;41;77;26;26;81;44;55;37;59;63;23;44;25;25;20;73;52;56;94
GJ1T,34;64;90;96;98;4;95;86;31;15;25;11;67;56;43;64;64;50;30;16;49;42;96;32;24;25;66;85;38;98;76;67;82;36;66;25;81;70;44;16;44;20;71;69;73;64;27;72;99;45;80;15;43;83;57;56;83;59;18;31;87;70;41;20;93;55;60;70;11;70;42;5;83;69;90;26;89;25;74;44;85;0;98;21;17;67;49;99;0;43;14;38;21;42;55;64;41;4;38;13
SY9X,54;51;56;47;86;78;30;47;68;62;31;20;76;78;34;98;74;75;46;45;70;79;71;42;24;51;53;49;49;21;34;69;67;47;21;0;0;73;95;75;14;25;79;63;95;10;47;93;64;26;17;0;56;6;24;45;26;25;55;96;9;39;12;18;78;48;7;18;16;44;2;74;23;7;29;46;69;91;59;68;57;50;99;25;79;2;61;28;46;63;77;41;67;65;71;16;26;30;34;95
RTVX,45;25;32;86;60;83;1;8;7;88;11;47;75;14;1;53;54;70;88;70;13;65;86;96;23;85;69;59;70;17;40;35;86;71;17;43;64;58;15;26;54;60;12;75;93;64;24;61;88;89;81;41;95;13;78;46;40;77;30;60;10;55;53;93;52;0;58;57;85;63;29;28;89;40;82;50;41;18;40;42;81;62;31;28;95;56;99;62;55;67;89;14;66;37;89;78;45;65;74;53
OMFF,30;6;39;59;84;33;36;92;53;95;64;72;31;75;24;71;54;46;41;22;81;3;81;57;71;47;27;99;78;72;89;20;82;97;62;33;80;31;58;7;35;83;53;26;57;97;37;85;80;49;23;40;79;28;17;54;51;86;59;49;63;59;24;54;79;52;25;54;58;21;24;43;23;29;63;4;82;86;39;90;13;70;20;96;37;79;35;70;32;20;67;52;64;20;35;1;49;0;49;65
BIB4,21;76;25;19;32;43;41;70;41;53;36;60;60;52;63;33;42;41;59;67;44;61;13;61;35;73;45;37;36;33;50;37;21;48;20;38;52;45;28;54;31;23;43;37;71;63;46;23;54;38;39;48;31;52;16;38;49;38;43;24;19;59;42;31;50;44;62;28;46;42;39;47;28;32;35;31;58;35;21;57;60;38;74;54;46;70;37;28;52;25;29;29;41;56;44;38;34;38;49;29
AHXR,26;60;23;9;87;99;83;49;10;45;43;94;42;85;49;95;99;31;29;98;40;5;72;61;89;92;25;31;26;50;38;17;0;14;12;58;29;37;79;27;8;60;92;52;81;83;70;12;11;8;59;37;11;41;16;22;31;36;5;31;52;81;55;79;64;48;85;69;0;99;61;21;25;55;47;57;44;35;40;28;80;83;89;36;83;92;60;37;20;87;0;62;4;76;41;11;6;92;99;88
DWG6,54;42;63;74;54;69;32;15;46;62;24;13;60;12;46;46;98;3;59;24;14;84;10;28;49;40;91;27;18;73;70;51;84;78;29;73;64;34;61;80;24;61;58;28;48;87;71;4;48;14;76;4;56;19;50;3;84;28;52;11;95;69;53;58;98;49;75;91;51;60;84;70;17;16;80;13;27;12;17;58;52;17;62;66;49;0;16;71;54;77;88;90;1;80;31;19;37;73;80;58
ARSR,95;68;68;49;91;24;84;73;49;63;94;10;8;61;35;1;96;27;65;43;16;64;12;90;80;59;99;23;58;85;22;36;98;24;21;94;54;29;19;21;77;98;99;59;20;8;72;75;11;56;67;20;3;77;87;3;48;83;51;34;86;83;15;17;53;32;29;43;86;68;38;67;31;55;70;25;78;18;10;8;17;48;20;53;53;52;52;74;8;34;29;38;95;67;76;83;82;80;86;34
TF1Z,58;20;80;68;84;74;7;4;44;39;83;98;40;92;94;8;83;9;4;45;6;99;87;38;96;6;56;88;0;47;52;29;99;93;60;48;91;22;31;3;49;68;5;80;92;94;85;32;99;13;45;40;17;93;70;57;53;97;11;16;24;62;75;76;7;5;87;5;6;83;26;57;43;19;39;24;93;6;93;68;77;35;27;31;86;58;59;75;85;95;17;9;0;42;45;74;92;61;29;75
XCXR,67;22;36;55;28;47;65;49;42;21;38;11;20;25;27;54;41;55;70;27;26;30;59;28;49;26;49;52;32;82;55;25;46;61;65;34;52;33;41;39;43;42;58;54;16;14;22;43;28;51;24;1;52;34;48;33;26;27;27;32;70;35;16;43;33;32;22;43;10;12;56;30;24;33;33;28;1;40;54;41;53;35;10;32;21;50;31;51;36;27;29;92;44;47;39;49;33;72;4;42
N10J,11;36;12;24;41;4;10;96;91;32;4;60;32;79;77;88;21;50;82;54;3;60;11;46;42;74;83;78;87;82;28;23;89;1;49;24;76;35;62;14;67;27;38;73;23;49;53;55;93;53;26;75;97;60;4;2;62;1;28;50;2;62;89;82;98;58;56;6;74;37;32;16;91;7;55;29;99;29;76;88;3;1;81;60;44;29;85;48;7;75;5;55;39;48;35;1;97;47;88;23
A2WV,76;50;59;4;18;96;33;0;80;92;85;22;18;93;68;6;43;56;46;73;33;83;51;15;80;77;2;61;98;81;51;49;81;62;19;0;1;12;19;20;10;6;82;53;78;89;99;6;27;58;87;80;31;55;88;74;25;50;8;39;45;27;26;71;22;81;77;98;35;49;32;87;51;96;97;4;77;62;54;30;13;63;96;37;14;22;10;10;73;65;31;98;70;9;98;34;29;43;38;60
OACV,3;17;97;40;48;7;80;39;57;3;6;71;14;90;5;81;60;29;20;87;47;55;6;59;58;19;53;24;63;70;48;56;62;23;62;49;25;68;98;89;42;74;34;22;81;69;16;28;38;38;41;52;79;37;90;13;23;82;74;53;77;25;6;57;72;67;60;34;32;84;9;29;75;31;85;78;88;49;85;78;48;46;77;94;35;25;42;56;48;95;48;25;1;79;52;56;75;5;11;47
SC8Y,47;8;3;2;4;11;84;66;49;90;87;31;23;10;98;26;0;47;89;54;37;44;59;14;50;96;55;77;5;92;48;55;42;7;31;36;37;89;58;40;88;48;3;47;39;98;51;54;98;52;89;1;67;95;86;55;26;23;58;73;98;68;15;48;97;56;51;91;15;95;0;60;57;97;35;59;53;28;49;53;19;2;98;15;67;29;84;4;10;6;60;67;14;20;81;15;69;31;70;73
RZOE,18;57;32;4;66;11;3;20;41;24;7;49;95;60;0;2;60;55;97;55;21;85;20;35;91;39;63;24;15;76;55;18;1;16;93;93;83;0;49;27;70;91;54;70;20;6;51;34;69;96;56;96;7;60;61;20;66;59;16;25;14;13;55;75;20;28;5;84;16;54;82;7;4;21;14;43;2;84;63;1;35;16;95;42;0;52;3;77;43;79;15;4;88;65;16;16;11;5;92;70
MFAP,63;43;77;74;4;81;93;45;87;25;26;50;44;28;4;51;40;49;2;52;91;50;54;29;85;30;81;83;6;70;61;57;62;51;79;97;11;39;62;91;68;19;8;38;38;89;74;33;86;86;2;90;30;97;19;43;35;92;92;61;45;19;23;38;25;51;58;2;99;39;41;47;43;35;58;58;11;23;5;38;76;74;4;80;21;41;16;60;17;54;27;12;40;26;69;91;50;75;73;42
O2TV,35;31;78;15;61;81;4;29;28;50;80;83;31;49;62;45;81;31;1;86;93;6;80;63;11;76;21;63;28;95;72;84;63;21;3;55;78;46;50;24;72;74;84;81;84;49;22;20;84;45;18;40;25;8;54;54;90;75;39;81;25;86;83;21;97;9;33;72;3;53;7;86;40;57;64;36;98;88;34;16;75;40;88;84;99;32;40;89;68;27;86;75;77;18;84;4;7;44;78;93
KP2Z,25;83;12;92;18;72;20;4;58;58;97;65;3;52;90;82;5;75;93;60;1;1;25;89;1;12;29;1;79;55;98;96;19;10;37;43;16;51;20;42;43;90;46;50;95;57;43;69;35;65;50;87;10;82;40;51;13;41;10;92;94;96;90;38;40;59;75;22;28;51;77;17;83;40;89;88;3;44;51;78;12;54;7;75;31;52;65;6;49;30;8;57;35;33;34;40;83;9;62;64
WS55,80;38;27;40;33;61;45;63;65;51;28;45;50;62;34;3;62;43;74;19;65;41;61;44;36;69;63;46;47;23;64;70;25;58;45;28;38;48;15;58;50;58;35;55;37;35;58;37;50;40;54;57;44;58;55;34;62;40;50;49;22;50;42;66;27;44;43;40;39;17;46;51;45;77;53;53;51;48;34;46;26;70;58;17;35;61;78;58;36;40;43;50;45;66;62;53;68;37;55;61
QH83,30;48;48;44;36;35;46;68;75;61;46;49;28;40;81;60;31;56;50;58;46;52;58;57;61;43;63;28;47;77;54;48;53;36;46;45;36;43;40;56;39;61;63;38;27;48;47;40;32;65;46;23;74;53;60;33;35;67;37;80;32;67;28;78;74;33;40;36;51;50;64;58;74;28;49;43;57;57;51;35;60;44;79;56;28;17;63;63;51;60;27;39;65;52;44;34;29;51;48;68
X6MU,37;0;94;50;58;65;31;98;6;67;94;29;16;71;24;26;18;36;0;86;2;97;2;85;79;66;80;43;57;95;88;46;95;65;76;31;34;58;52;91;8;44;65;31;68;73;88;84;90;2;49;25;72;87;61;6;74;95;3;39;23;97;14;78;56;98;25;46;91;45;42;53;74;29;21;45;1;43;41;47;55;14;47;4;36;40;58;21;9;54;72;15;80;51;99;65;38;69;38;30
K573,79;82;27;54;94;99;9;1;8;63;2;71;47;75;95;23;38;61;17;59;22;87;67;52;97;78;91;99;0;97;58;72;1;20;0;80;90;41;97;11;8;34;69;56;92;37;75;53;72;46;9;66;3;67;21;57;54;2;73;88;38;19;45;44;31;53;13;98;64;56;21;28;58;40;56;86;28;13;94;7;47;95;7;8;74;98;41;23;10;87;86;20;12;37;91;17;46;35;81;41
FENV,87;80;83;87;70;73;8;63;5;90;16;34;15;84;94;79;43;91;48;46;1;37;78;9;55;2;35;65;13;11;54;65;92;52;89;66;24;60;77;47;37;21;7;16;38;84;23;67;5;22;47;62;95;96;51;44;5;29;67;94;78;59;75;22;80;26;90;52;93;21;86;54;78;97;49;38;98;40;61;90;57;7;34;35;64;5;61;63;26;0;9;82;38;45;74;72;40;16;45;54
LX4X,84;67;28;22;33;64;66;53;11;47;13;84;52;38;72;27;56;54;66;29;9;67;45;36;34;39;51;52;74;43;60;37;35;93;25;35;48;37;38;54;15;29;1;46;64;52;51;70;75;1;39;1;36;57;70;39;38;59;77;18;68;69;56;51;44;57;44;77;43;7;85;24;20;59;24;2;43;48;54;56;20;60;39;48;43;21;33;55;46;68;15;59;55;67;50;55;1;78;3;67
YAXO,46;56;63;61;72;64;58;47;67;36;59;60;44;59;43;48;67;39;73;16;34;50;52;70;21;38;44;59;26;66;41;58;29;54;42;47;52;45;36;25;64;60;47;50;40;45;31;26;56;34;44;54;49;43;43;31;29;39;17;53;26;71;61;25;60;61;51;62;85;66;69;67;56;56;43;58;60;38;33;21;55;41;54;55;44;47;38;33;27;68;54;60;72;36;53;48;49;51;26;29
NLWY,20;30;3;65;57;78;63;54;87;26;30;91;98;42;42;79;25;30;76;23;14;96;64;68;83;6;29;70;34;86;36;9;49;52;3;78;61;39;7;39;50;40;19;76;90;12;84;39;82;66;22;11;21;61;84;81;38;68;96;20;31;36;59;20;12;22;3;57;57;38;88;30;18;67;17;60;89;6;48;9;95;99;81;80;20;68;71;6;77;69;50;36;12;67;85;82;15;28;68;0
SZOI,54;41;55;70;15;84;48;11;7;22;33;21;59;22;23;99;88;82;83;3;44;19;43;9;23;15;83;90;1;63;66;83;13;11;8;1;81;13;92;22;69;40;27;63;98;43;23;14;47;98;43;3;54;90;48;27;85;66;93;68;89;65;28;92;65;62;24;63;84;30;64;68;92;61;54;58;59;66;17;69;4;73;5;29;92;95;76;81;43;5;54;57;37;66;14;34;5;43;76;66
FO3Y,20;34;88;47;77;23;42;59;57;50;70;55;70;35;19;8;87;18;75;77;49;77;98;56;4;90;88;19;95;87;33;79;65;69;28;85;71;22;81;45;2;13;35;21;3;61;27;34;84;53;86;90;55;95;67;54;85;87;60;58;91;31;95;88;17;97;90;50;53;65;84;21;36;69;71;99;96;91;3;40;85;47;9;56;30;87;73;36;17;79;86;16;31;49;47;30;41;50;95;90
BF9L,7;41;38;25;8;0;92;48;46;81;66;9;78;59;24;29;39;19;69;50;32;54;24;9;74;1;31;17;40;43;97;93;63;94;29;10;89;58;89;40;94;27;69;64;37;74;56;38;61;31;86;17;39;78;89;68;93;9;5;28;57;66;98;40;44;94;16;40;19;26;71;20;76;49;67;88;50;87;83;53;98;36;17;83;94;46;65;65;8;34;15;11;76;54;32;18;63;37;32;56
OGO6,58;59;34;96;96;8;96;15;13;4;28;30;15;60;59;38;55;84;26;85;58;43;11;87;8;84;46;62;60;64;38;57;6;14;96;31;5;44;18;54;60;93;73;63;86;41;97;53;67;45;26;27;51;60;49;26;92;13;41;36;32;88;76;99;91;0;14;73;47;24;44;22;61;11;7;40;1;85;12;47;58;83;72;18;80;6;33;64;7;37;64;36;97;14;61;97;41;80;49;18
PBA8,48;45;17;43;13;91;61;55;68;34;48;58;66;69;70;65;20;47;9;48;44;47;41;47;48;34;23;34;83;51;77;13;17;46;37;51;41;44;25;72;57;62;69;28;39;45;33;19;35;38;39;49;19;8;52;64;46;55;28;58;29;39;74;60;40;52;23;43;35;49;32;58;47;1;7;38;41;31;44;60;52;41;12;61;29;62;21;59;64;70;55;40;28;15;46;42;74;43;49;38
O9QA,71;74;65;39;77;49;92;17;35;3;17;44;56;60;19;88;35;80;72;27;47;53;92;84;92;35;50;93;86;5;60;4;26;69;73;64;26;76;50;30;90;76;1;70;73;58;82;9;97;64;89;26;70;36;61;0;94;55;35;56;27;18;98;62;16;95;79;50;21;68;15;42;57;40;84;47;30;51;89;26;24;53;62;96;63;94;11;58;67;45;49;35;18;99;99;67;81;19;24;85
JTYH,72;34;98;25;32;21;10;99;17;64;93;56;52;8;46;95;41;79;75;70;67;12;45;53;66;87;49;83;77;76;40;36;18;52;65;2;55;25;15;38;58;32;25;62;41;80;3;32;13;57;60;48;36;78;14;99;27;24;75;30;73;61;77;11;22;30;4;63;79;89;33;60;63;51;7;69;13;78;38;69;29;47;15;37;45;46;39;79;52;19;97;20;82;98;59;97;91;22;81;37
X9MJ,15;64;14;86;0;92;94;14;77;10;73;41;35;86;17;22;17;38;60;25;48;68;61;48;0;7;7;18;99;35;36;41;29;19;18;18;22;8;76;2;3;61;77;52;55;82;9;10;14;58;79;30;69;73;75;18;69;54;73;76;83;58;50;72;93;18;8;80;66;95;56;3;72;33;26;13;99;73;20;59;79;36;53;82;62;34;10;19;24;80;40;90;72;38;45;76;76;20;83;8
IWBY,67;1;10;40;26;94;78;77;55;81;26;74;20;33;68;95;6;39;88;30;61;43;37;12;76;53;8;64;5;37;96;97;72;85;82;94;71;70;61;57;69;83;15;51;37;94;38;4;28;95;85;18;96;90;91;69;3;37;62;2;63;4;97;37;63;98;33;25;64;25;46;54;27;70;58;91;98;94;7;74;2;13;98;62;23;82;5;28;24;47;56;78;19;80;96;31;66;54;1;3
PEYS,0;117;224;0;274;0;234;0;0;377;173;0;177;110;0;0;546;230;0;0;0;339;0;133;0;0;0;0;196;0;0;451;0;374;0;460;0;0;244;552;243;301;0;163;0;0;0;228;0;231;362;21;486;0;213;0;256;0;257;203;0;0;278;350;0;0;328;244;0;0;0;384;419;172;150;428;503;393;0;0;0;0;0;507;413;403;0;796;261;0;0;0;327;0;173;416;201;0;0;0
XLCC,20;50;98;35;20;28;34;1;6;63;24;84;40;88;17;36;70;90;97;49;41;21;74;55;36;13;76;49;11;53;75;62;86;93;58;97;14;34;91;98;51;93;32;15;88;12;63;45;15;36;53;48;54;74;86;70;33;77;82;43;87;38;6;55;44;40;8;25;96;31;84;85;68;56;40;76;30;38;23;23;43;24;67;98;50;99;48;36;69;11;34;45;35;15;39;43;94;2;87;54
EO49,51;79;99;74;67;44;14;26;81;72;70;49;27;9;46;77;2;11;74;10;31;66;21;42;89;93;39;16;89;46;70;68;20;16;68;72;97;75;62;33;11;72;80;41;44;45;88;29;84;59;29;99;43;2;26;30;93;90;1;22;87;74;89;84;12;43;63;98;0;99;76;27;94;63;86;26;97;98;70;81;91;79;41;27;97;10;51;31;99;12;52;88;88;46;79;61;27;77;85;40
MBZN,35;12;33;13;89;21;60;64;9;17;3;84;91;21;38;78;51;3;81;11;44;5;5;9;75;47;1;27;70;25;18;61;64;47;13;78;66;14;15;96;64;59;7;10;37;99;37;26;62;54;63;32;89;17;16;28;79;60;99;8;45;48;90;58;96;87;11;82;77;94;27;55;42;88;57;52;78;73;43;41;76;0;33;4;99;87;92;59;48;66;1;60;86;51;38;69;34;69;82;81
T7RP,61;73;53;28;47;55;23;73;53;11;21;10;41;76;38;53;60;37;40;51;42;30;45;23;21;48;24;70;33;17;62;54;49;22;73;46;46;52;37;47;65;67;48;43;58;1;36;60;71;37;40;27;27;62;18;62;1;103;76;35;39;37;46;41;20;1;33;61;53;46;29;35;52;18;77;74;8;53;10;33;51;39;66;21;46;38;23;41;27;5;61;72;26;50;31;83;22;53;52;31
NQC3,30;43;13;54;6;92;84;78;87;13;87;36;34;55;3;17;14;82;59;16;33;11;85;88;65;7;72;63;80;49;58;64;88;83;83;64;38;33;57;16;60;84;64;94;90;19;33;27;50;17;91;32;43;38;10;66;4;7;59;73;7;49;61;19;8;14;6;71;77;8;75;13;91;15;27;85;18;90;67;45;19;33;94;95;30;22;70;32;88;89;22;47;47;95;29;6;66;3;74;95
SR03,32;76;52;37;57;41;7;52;43;56;72;72;21;47;56;80;68;75;18;23;22;86;32;49;45;43;99;4;86;3;43;18;3;47;33;20;85;19;28;36;24;34;26;87;93;23;52;33;53;80;14;47;8;61;61;75;1;65;12;15;78;50;33;52;56;27;4;29;43;39;46;61;72;96;16;54;29;86;88;56;15;43;53;78;35;24;99;32;7;21;10;98;47;38;72;77;11;46;69;44
O2I9,58;23;36;30;97;8;59;16;72;78;92;44;8;37;64;45;66;86;22;48;13;12;51;80;96;91;96;46;13;17;22;75;43;32;39;88;93;95;27;98;59;53;5;24;90;6;98;22;38;63;33;68;55;66;61;92;66;68;9;85;33;52;19;33;74;18;19;89;10;60;92;0;5;28;55;39;78;95;87;37;80;26;54;88;65;56;90;86;24;32;10;77;6;25;60;6;53;23;83;37
D9I3,37;37;51;40;44;28;41;1;40;57;63;70;35;35;60;51;46;38;54;22;58;48;32;33;55;22;35;43;41;57;48;25;25;58;47;56;58;30;31;44;21;44;47;45;20;70;46;32;34;61;42;58;54;26;46;52;61;18;11;41;40;54;30;37;54;72;53;46;19;36;48;48;48;51;25;20;34;34;61;35;50;29;34;44;49;41;59;25;41;69;25;26;34;49;30;25;30;16;46;44
